Gene	Position	recovery_boot	asr_score	mrca_diversity	derived_agreement	conservation_gate	core	core_perside_pooled	phen_score	n_schemes	scheme_set	n_hypotheses	supporting_hypotheses	derived_residues	top_residue_support	bottom_residue_support	top_residue_support_detail	bottom_residue_support_detail	top_species_residues	bottom_species_residues	n_top_species	n_bottom_species	n_conserved_pairs	convergence_schemes	CAAS_score	change_side	change_top	change_bottom	pos_perm_p	pos_perm_p_adj
RDM1	222	0.004	0.7456281250000001	0	1	0.9991666666666668	1	1	0.9962073324905183	2	GS1+US	3	H14,H16,H18	S/T	S:2	T:2	S:2	T:2	S:11	S:15,T:3	11	18	1	US	0.7428002054361568	bottom	no_change	convergent	0.0198019801980198	0.18811881188118817
POLR3G	6	0.011	0.75	0	1	1	1	1	0.97724399494311	3	GS1+GS2+US	2	H18,H6	I/V	I:2	V:2	I:2	V:2	I:15,V:1	I:10,V:2	16	12	2	US	0.7329329962073325	bottom	no_change	convergent	0.0198019801980198	0.18811881188118817
SIGLEC1	41	0.019	0.7474228593750001	0	1	0.9995625	1	1	0.9570164348925411	5	GS1+GS2+GS3+GS4+US	9	H13,H14,H15,H16,H17,H18,H4,H5,H6	W/S	W:2	S:2	W:2	S:2	S:10,W:6	S:19	16	19	2	US	0.7152959602362516	top	convergent	no_change	0.0594059405940594	0.18811881188118817
SIGLEC1	103	0.019	0.7465664986875	0	1	0.9994166666666667	0.999	0.999	0.9570164348925411	5	GS1+GS2+GS3+GS4+US	9	H13,H14,H15,H16,H17,H18,H4,H5,H6	L/S	L:2	S:2	L:2	S:2	S:10,L:6	S:19	16	19	2	US	0.7144764089841182	top	convergent	no_change	0.0594059405940594	0.18811881188118817
ANK3	3863	0.023	0.74485368225	0	1	0.999125	0.998	0.998	0.922882427307206	2	GS1+US	3	H17,H18,H6	S/T	S:2	T:2	S:2	T:2	S:15,T:1	S:17,T:2	16	19	2	US	0.6874123742635904	bottom	no_change	convergent	0.0396039603960396	0.18811881188118817
EPC1	292	0.024	0.75	0	1	1	1	1	0.9013906447534766	4	GS1+GS2+GS4+US	9	H13,H14,H15,H16,H17,H18,H4,H5,H6	V/M	V:2	M:2	V:2	M:2	M:10,V:6	M:18,V:1	16	19	2	US	0.6760429835651075	top	convergent	no_change	0.06930693069306931	0.18811881188118817
VCPIP1	1205	0.024	0.749140734375	0	1	0.9998541666666667	1	1	0.9013906447534766	1	US	3	H15,H16,H5	E/D	E:2	D:2	E:2	D:2	E:14,D:1	E:16,D:2	15	18	2	US	0.6752684495693742	bottom	no_change	convergent	0.0297029702970297	0.18811881188118817
ZNF518B	845	0.03	0.7491563437500001	0	1	0.9998750000000001	1	1	0.843236409608091	2	GS4+US	3	H4,H5,H6	K/R	K:2	R:2	K:2	R:2	K:15,R:1	K:15,R:3	16	18	1	US	0.6317159055388749	bottom	no_change	convergent	0.0396039603960396	0.18811881188118817
SIGLEC1	626	0.023	0.683136	0	1	0.9883333333333333	0.96	0.96	0.922882427307206	5	GS1+GS2+GS3+GS4+US	3	H17,H18,H6	S/L	S:2	L:2	S:2	L:2	S:15,L:1	S:17,L:2	16	19	2	US	0.6304542098609355	bottom	no_change	convergent	0.0396039603960396	0.18811881188118817
PITPNA	188	0.033	0.7491563437500001	0	1	0.9998750000000001	1	1	0.820480404551201	5	GS1+GS2+GS3+GS4+US	3	H14,H16,H18	N/S	N:2	S:2	N:2	S:2	N:14,S:2	N:16,S:3	16	19	1	US	0.6146680999920986	bottom	no_change	convergent	0.04950495049504951	0.18811881188118817
GATA5	139	0.014	0.6192810365624999	0	0.8333333333333334	0.9988333333333332	0.999	0.999	0.9683944374209861	3	GS2+GS4+US	9	H13,H14,H15,H16,H17,H18,H4,H5,H6	ST/P	S:1,T:1	P:2	S:1,T:1	P:2	P:6,S:5,T:1	P:15	12	15	2	GS2,GS3,GS4	0.5997083110074273	top	divergent	no_change	0.0396039603960396	0.18811881188118817
ZNF518B	851	0.034	0.7399102039815728	3.5000002895912975e-10	1	0.9984999999999999	0.997002	0.997002	0.8065739570164349	5	GS1+GS2+GS3+GS4+US	6	H13,H14,H15,H16,H17,H18	Y/H	Y:2	H:2	Y:2	H:2	H:10,Y:6	H:16,Y:2	16	18	1	US	0.5967923010622547	top	convergent	no_change	0.06930693069306931	0.18811881188118817
SIGLEC1	804	0.016	0.6178632584635416	0	0.8333333333333334	0.9985416666666667	0.995	0.995	0.9646017699115044	3	GS2+GS4+US	3	H13,H14,H4	A/ST	A:2	S:1,T:1	A:2	S:1,T:1	A:15,S:1	A:17,S:1,T:1	16	19	2	GS2,GS3,GS4	0.5959919926772216	bottom	no_change	divergent	0.0198019801980198	0.18811881188118817
CARD14	705	0.036	0.75	0	1	1	1	1	0.7787610619469026	5	GS1+GS2+GS3+GS4+US	11	H1,H10,H11,H12,H19,H2,H20,H3,H7,H8,H9	H/Y	H:2	Y:2	H:3	Y:3	Y:14,H:2	Y:19	16	19	1	US	0.584070796460177	top	convergent	no_change	0.06930693069306931	0.18811881188118817
SIGLEC1	1467	0.026	0.65625	0	0.875	1	1	1	0.8697850821744627	4	GS1+GS3+GS4+US	3	H15,H16,H5	H/NQ	H:2	N:1,Q:1	H:2	N:1,Q:1	H:15,Q:1	H:17,N:1,Q:1	16	19	2	GS1,GS2,GS3,GS4	0.5707964601769911	bottom	no_change	divergent	0.0297029702970297	0.18811881188118817
SEC24C	97	0.037	0.749140734375	0	1	0.9998541666666667	1	1	0.7560050568900126	4	GS1+GS2+GS4+US	3	H17,H18,H6	T/A	T:2	A:2	T:2	A:2	T:14,A:2	T:17,A:2	16	19	2	US	0.5663541835097977	bottom	no_change	convergent	0.0594059405940594	0.18811881188118817
CARD14	567	0.037	0.740953125	0	1	0.9979166666666667	1	1	0.7560050568900126	2	GS4+US	6	H13,H14,H15,H16,H4,H5	R/K	R:2	K:2	R:2	K:2	R:10,K:6	R:13,K:6	16	19	2	US	0.5601643094184576	bottom	no_change	convergent	0.06930693069306931	0.18811881188118817
ZNF518B	532	0.041	0.75	0	1	1	1	1	0.7231352718078381	3	GS2+GS4+US	6	H15,H16,H17,H18,H5,H6	S/P	S:2	P:2	S:2	P:2	S:15,P:1	S:15,P:3	16	18	2	US	0.5423514538558786	bottom	no_change	convergent	0.04950495049504951	0.18811881188118817
PEAK1	1414	0.026	0.6200856998437501	0	0.8333333333333334	0.999125	0.999	0.999	0.8697850821744627	3	GS2+GS4+US	9	H13,H14,H15,H16,H17,H18,H4,H5,H6	ST/A	S:1,T:1	A:2	S:2,T:1	A:3	A:10,T:4,R:1,S:1	A:19	16	19	1	GS2,GS3,GS4	0.5393412913938054	top	divergent	no_change	0.0396039603960396	0.18811881188118817
SHANK2	499	0.042	0.75	0	1	1	1	1	0.7155499367888749	3	GS2+GS4+US	6	H13,H14,H15,H16,H17,H18	S/P	S:2	P:2	S:2	P:2	P:14,S:2	P:16,S:1	16	17	1	US	0.5366624525916561	top	convergent	no_change	0.06930693069306931	0.18811881188118817
SEC24C	70	0.046	0.7491563437500001	0	1	0.9998750000000001	1	1	0.7104930467762326	4	GS1+GS2+GS4+US	3	H13,H15,H17	A/T	A:2	T:2	A:2	T:2	A:15,T:1	A:15,S:2,T:2	16	19	1	US	0.5322703731826802	bottom	no_change	convergent	0.09158415841584158	0.19182193809932171
PRIMPOL	502	0.036	0.6987630391875	0	1	0.9922500000000001	0.969	0.969	0.7600505689001263	5	GS1+GS2+GS3+GS4+US	6	H13,H14,H15,H16,H17,H18	G/DS	G:2	D:2,S:1	G:2	D:1,S:1	G:14,D:2	G:9,D:8,S:2	16	19	1	US	0.5310952454608407	bottom	no_change	convergent	0.06930693069306931	0.18811881188118817
AIPL1	179	0.025	0.6033700681249999	0	1	0.9652083333333333	0.997	0.997	0.8786346396965866	3	GS1+GS2+US	3	H15,H16,H5	V/I	V:2	I:2	V:2	I:2	V:14,I:1	V:17,I:2	15	19	2	US	0.5301418424107143	bottom	no_change	convergent	0.0297029702970297	0.18811881188118817
ZNF518B	9	0.022	0.5625	0	0.75	1	1	1	0.934260429835651	2	GS1+US	3	H17,H18,H6	T/AS	T:2	A:1,S:1	T:2	A:1,S:1	T:15,A:1	T:16,A:1,S:1	16	18	2	GS1,GS3	0.5255214917825537	bottom	no_change	divergent	0.0396039603960396	0.18811881188118817
GATA5	318	0.045	0.7494375	0	1	0.99925	1	1	0.6940581542351454	5	GS1+GS2+GS3+GS4+US	4	H10,H15,H16,H9	S/N	S:2	N:2	S:2	N:2	S:10,N:2	N:9,S:6	12	15	2	US	0.5201532079646017	bottom	no_change	convergent	0.0594059405940594	0.18811881188118817
PSME4	329	0.047	0.743267988	0	1	0.999	0.996	0.996	0.6662452591656132	4	GS1+GS2+GS4+US	6	H1,H2,H3,H4,H5,H6	A/T	A:2	T:2	A:3	T:3	A:16	A:17,T:2	16	19	1	US	0.4951987732945639	bottom	no_change	convergent	0.04950495049504951	0.18811881188118817
PEAK1	1423	0.025	0.5625	0	0.75	1	1	1	0.8786346396965866	2	GS4+US	9	H13,H14,H15,H16,H17,H18,H4,H5,H6	AL/P	A:1,L:1	P:2	A:1,L:1	P:2	P:14,A:1,L:1	P:19	16	19	2	GS4	0.49423198482932995	top	divergent	no_change	0.04950495049504951	0.18811881188118817
CARD14	651	0.035	0.6235420833333333	0	0.8333333333333334	0.9996666666666667	1	1	0.7888748419721872	3	GS2+GS4+US	9	H13,H14,H15,H16,H17,H18,H4,H5,H6	ST/A	S:1,T:1	A:2	T:2,S:1	A:3	A:14,S:1,T:1	A:19	16	19	1	GS2,GS3,GS4	0.49189666245259167	top	divergent	no_change	0.06930693069306931	0.18811881188118817
PPM1E	538	0.053	0.74909390625	0	1	0.9997916666666667	1	1	0.6283185840707964	3	GS2+GS4+US	6	H11,H12,H17,H18,H2,H6	Q/E	Q:2	E:2	Q:3	E:3	Q:15	Q:15,E:2	15	17	2	US	0.470669622511062	bottom	no_change	convergent	0.0891089108910891	0.18811881188118817
CARD14	426	0.051	0.74401366	0	1	0.9993333333333334	0.9966666666666667	0.9966	0.6249473240623683	3	GS1+GS3+US	20	H1,H10,H11,H12,H13,H14,H15,H16,H17,H18,H19,H2,H20,H3,H4,H5,H6,H7,H8,H9	GV/A	V:2,G:1	A:2	V:3,G:1	A:4	A:9,G:5,V:2	A:19	16	19	1	US	0.4649773152819216	top	convergent	no_change	0.0891089108910891	0.18811881188118817
PITPNA	79	0.058	0.7494375	0	1	0.99925	1	1	0.6093552465233881	1	GS1	4	H11,H12,H17,H18	F/GP	F:2	G:1,P:1	F:2	G:1,P:1	F:13,G:2,L:1	F:9,G:9,P:1	16	19	2	GS1,GS3	0.4566736725663717	bottom	no_change	convergent	0.0891089108910891	0.18811881188118817
NUMBL	477	0.058	0.7437329955	0	1	0.999625	0.996	0.996	0.6093552465233881	4	GS1+GS2+GS4+US	4	H11,H12,H17,H18	A/T	A:2	T:2	A:2	T:2	A:14,T:2	T:10,A:9	16	19	2	US	0.45319760282048044	bottom	no_change	convergent	0.0891089108910891	0.18811881188118817
CARD14	248	0.024	0.49939593750000005	0	0.6666666666666666	0.9997916666666667	1	1	0.9013906447534766	3	GS2+GS4+US	9	H13,H14,H15,H16,H17,H18,H4,H5,H6	IV/M	I:1,V:1	M:2	I:1,V:1	M:2	M:10,V:5,I:1	M:18,I:1	16	19	2	GS3,GS4	0.4501508260903919	top	divergent	no_change	0.06930693069306931	0.18811881188118817
CARD14	742	0.024	0.49825075	0	0.6666666666666666	0.9995	1	1	0.9013906447534766	3	GS2+GS4+US	3	H14,H16,H18	M/LV	M:2	L:1,V:1	M:2	L:1,V:1	M:15,L:1	M:16,V:2,L:1	16	19	1	GS3,GS4	0.44911856479140333	bottom	no_change	divergent	0.0396039603960396	0.18811881188118817
SIGLEC1	1405	0.032	0.5402216829698013	6.4053756e-4	1	0.9600416666666667	0.8390550000000001	0.8390550000000001	0.8280657395701644	2	GS1+GS3	9	H13,H14,H15,H16,H17,H18,H4,H5,H6	GS/R	G:1,S:1	R:2	G:1,S:1	R:2	G:8,R:7,S:1	G:11,R:7,S:1	16	19	2	US	0.4473390674402274	bottom	no_change	convergent	0.0891089108910891	0.18811881188118817
GATA5	320	0.023	0.4798992716611874	0	1	0.9479375	0.821178	0.821178	0.922882427307206	3	GS1+GS3+US	6	H13,H14,H15,H16,H4,H5	A/V	A:2	V:2	A:2	V:2	A:10,V:2	A:12,V:3	12	15	2	US	0.4428906046936369	bottom	no_change	convergent	0.0297029702970297	0.18811881188118817
ZNF518B	113	0.022	0.46875	0	0.625	1	1	1	0.934260429835651	4	GS1+GS2+GS4+US	3	H17,H18,H6	T/AI	T:2	A:1,I:1	T:2	A:1,I:1	T:15,I:1	T:16,A:1,I:1	16	18	2	GS4	0.4379345764854614	bottom	no_change	divergent	0.0396039603960396	0.18811881188118817
PEAK1	873	0.059	0.7314116015921067	4.627964678149965e-13	1	0.9975	0.98653846401	0.98653846401	0.5878634639696587	3	GS2+GS4+US	6	H1,H2,H3,H4,H5,H6	S/G	S:2	G:2	S:3	G:3	S:16	S:16,G:3	16	19	1	US	0.4299701576995318	bottom	no_change	convergent	0.06930693069306931	0.18811881188118817
PEAK1	621	0.062	0.75	0	1	1	1	1	0.5676359039190897	3	GS1+GS2+US	11	H1,H10,H11,H12,H19,H2,H20,H3,H7,H8,H9	V/I	V:2	I:2	V:2	I:2	I:14,V:2	I:19	16	19	2	US	0.42572692793931727	top	convergent	no_change	0.0891089108910891	0.18811881188118817
PEAK1	242	0.062	0.7482824372812501	0	1	0.9997083333333334	0.999	0.999	0.5676359039190897	3	GS2+GS4+US	11	H1,H10,H11,H12,H19,H2,H20,H3,H7,H8,H9	G/S	G:2	S:2	G:2	S:2	S:14,G:2	S:19	16	19	2	US	0.42475197767292194	top	convergent	no_change	0.0891089108910891	0.18811881188118817
FOXI1	297	0.101	0.6248125	0	0.8333333333333333	0.99975	1	1	0.6232616940581542	4	GS1+GS2+GS4+US	4	H11,H12,H17,H18,H6	TV/A	T:2,V:1	A:3	T:2,V:1	A:3	A:12,T:2,V:1	A:15,V:2	15	17	3		0.4182974083438685	top	codivergent	no_change	0.08910891089108913	0.18811881188118817
SIGLEC1	1488	0.042	0.6259269320909283	0.0061710737142857	1	0.9964999999999999	0.996	0.8537142857142858	0.6150442477876107	4	GS1+GS2+GS4+US	14	H1,H10,H13,H14,H15,H16,H19,H20,H3,H4,H5,H7,H8,H9	AT/T	A:2,T:1	T:2	A:2,T:1	T:2	A:9,T:5,I:1	A:13,T:6	15	19	2	US	0.41620114042168166	bottom	no_change	convergent	0.0891089108910891	0.18811881188118817
RDM1	236	0.032	0.4972191598472837	2.6986666666524903e-6	0.6666666666666666	0.998	1	0.9985714285714286	0.8280657395701644	1	GS2	7	H13,H14,H15,H16,H17,H18,H5	V/IT	V:3	I:2,T:1	V:3	I:2,T:1	V:8,I:2,A:1	I:9,V:8,T:1	11	18	2		0.41173015132739677	bottom	no_change	codivergent	0.0396039603960396	0.18811881188118817
ZNF518B	594	0.059	0.6849304551875001	0	1	0.9887708333333334	0.991	0.991	0.5878634639696587	2	GS1+GS2	6	H13,H14,H15,H16,H4,H5	I/V	I:2	V:2	I:2	V:2	L:6,I:5,V:5	I:12,V:6	16	18	2	US	0.4026455899648389	bottom	no_change	convergent	0.06930693069306931	0.18811881188118817
RDM1	251	0.046	0.5971924490699999	0.0267399999999999	1	1	1	1	0.6738305941845765	1	GS2	2	H15,H16	S/HN	S:3	N:2,H:1	S:3	N:2,H:1	N:5,S:3,H:2,R:1	H:8,N:4,S:4,P:2	11	18	0	GS2	0.4024065427993805	bottom	ambiguous	convergent	0.0891089108910891	0.18811881188118817
SHANK2	915	0.063	0.739727208	0	1	0.99825	0.996	0.996	0.5398230088495575	3	GS1+GS2+US	9	H13,H14,H15,H16,H17,H18,H4,H5,H6	I/V	I:2	V:2	I:2	V:2	V:14,I:2	V:17	16	17	2	US	0.39932176715044243	top	convergent	no_change	0.07920792079207921	0.18811881188118817
VCPIP1	1045	0.028	0.468212958984375	0	0.625	0.9998541666666667	1	1	0.8520859671302149	4	GS1+GS2+GS4+US	3	H13,H14,H4	T/IP	T:2	I:1,P:1	T:2	I:1,P:1	T:15,P:1	T:16,I:1,P:1	16	18	2	GS2	0.3989576919791008	bottom	no_change	divergent	0.0396039603960396	0.18811881188118817
MYLK4	166	0.065	0.75	0	1	1	1	1	0.5259165613147914	3	GS2+GS4+US	4	H11,H12,H17,H18	N/D	N:2	D:2	N:2	D:2	N:14,D:2	D:10,N:9	16	19	2	US	0.3944374209860935	bottom	no_change	convergent	0.0891089108910891	0.18811881188118817
WDR31	170	0.036	0.5	0	0.6666666666666666	1	1	1	0.7787610619469026	3	GS1+GS2+US	3	H14,H16,H18	V/LM	V:2	L:1,M:1	V:2	L:1,M:1	V:15,L:1	V:16,M:2,L:1	16	19	1	GS1,GS3	0.3893805309734513	bottom	no_change	divergent	0.0594059405940594	0.18811881188118817
SIGLEC1	755	0.045	0.5484278597578125	0	0.75	0.9967916666666666	0.989	0.989	0.6940581542351454	2	GS1+US	6	H13,H14,H15,H16,H4,H5	T/AS	T:2	A:1,S:1	T:2	A:1,S:1	T:14,A:1,S:1	T:16,A:2,S:1	16	19	2	GS1,GS3	0.3806408280746385	bottom	no_change	divergent	0.04950495049504951	0.18811881188118817
FOXI1	328	0.071	0.7440113244011249	2.999999999531156e-7	1	1	0.995	0.995	0.504424778761062	3	GS2+GS4+US	4	H11,H12,H17,H18	S/G	S:2	G:2	S:2	G:2	G:13,S:2	G:14,S:3	15	17	2	US	0.37529774770676216	top	convergent	no_change	0.0891089108910891	0.18811881188118817
RDM1	282	0.003	0.3740940625	0	0.5	0.9995833333333334	1	1	1	3	GS2+GS4+US	6	H13,H14,H15,H16,H4,H5	D/GN	D:2	G:1,N:1	D:2	G:1,N:1	D:6,G:1	D:12,G:2,N:1	7	15	2		0.3740940625	bottom	no_change	divergent	NA	NA
RDM1	31	0.005	0.375	0	0.5	1	1	1	0.9936788874841972	1	US	9	H13,H14,H15,H16,H17,H18,H4,H5,H6	NR/H	N:1,R:1	H:2	N:1,R:1	H:2	H:9,N:1,R:1	H:18	11	18	2		0.37262958280657393	top	divergent	no_change	0.0297029702970297	0.18811881188118817
RDM1	82	0.006	0.373641328125	0	0.5	0.999375	1	1	0.9924146649810367	4	GS1+GS3+GS4+US	3	H17,H18,H6	Q/HL	Q:2	H:1,L:1	Q:2	H:1,L:1	Q:11	Q:16,H:1,L:1	11	18	2		0.3708071334742415	bottom	no_change	divergent	0.0297029702970297	0.18811881188118817
RDM1	167	0.008	0.3745625625	0	0.5	0.9998333333333334	1	1	0.9873577749683944	3	GS2+GS4+US	3	H14,H16,H18	S/AF	S:2	A:1,F:1	S:2	A:1,F:1	S:10,A:1	S:15,A:2,F:1	11	18	1		0.3698272582964601	bottom	no_change	divergent	0.0396039603960396	0.18811881188118817
RDM1	80	0.009	0.374546953125	0	0.5	0.9997916666666667	1	1	0.9835651074589128	5	GS1+GS2+GS3+GS4+US	6	H13,H14,H15,H16,H4,H5	R/GQ	R:2	G:1,Q:1	R:2	G:1,Q:1	G:5,R:5,W:1	R:12,G:5,Q:1	11	18	2		0.368391314198799	bottom	no_change	divergent	0.0396039603960396	0.18811881188118817
ASB12	285	0.073	0.749140734375	0	1	0.9998541666666667	1	1	0.49051833122629585	5	GS1+GS2+GS3+GS4+US	9	H13,H14,H15,H16,H17,H18,H4,H5,H6	R/Q	R:2	Q:2	R:2	Q:2	R:13,Q:3	R:15,Q:4	16	19	2	US	0.36746726287926673	bottom	no_change	convergent	0.10891089108910892	0.19313531353135316
PEAK1	1401	0.013	0.375	0	0.5	1	1	1	0.9734513274336283	1	US	9	H13,H14,H15,H16,H17,H18,H4,H5,H6	DG/E	D:1,G:1	E:2	D:1,G:1	E:2	E:10,G:5,D:1	E:19	16	19	2		0.3650442477876106	top	divergent	no_change	0.04950495049504951	0.18811881188118817
RPL26L1	19	0.074	0.75	0	1	1	1	1	0.48419721871049304	5	GS1+GS2+GS3+GS4+US	20	H1,H10,H11,H12,H13,H14,H15,H16,H17,H18,H19,H2,H20,H3,H4,H5,H6,H7,H8,H9	S/N	S:2	N:2	S:3	N:3	N:14,S:2	N:18,S:1	16	19	2	US	0.3631479140328698	top	convergent	no_change	0.1188118811881188	0.19629789065863107
ZNF518B	893	0.017	0.375	0	0.5	1	1	1	0.9608091024020228	3	GS2+GS4+US	9	H13,H14,H15,H16,H17,H18,H4,H5,H6	HS/P	H:1,S:1	P:2	H:1,S:1	P:2	P:10,S:5,H:1	P:18	16	18	2		0.36030341340075855	top	divergent	no_change	0.04950495049504951	0.18811881188118817
SPN	322	0.07	0.7017416460451545	6.984000044951699e-9	1	0.99275	0.990009	0.990009	0.5056890012642226	1	GS2	6	H13,H14,H15,H16,H17,H18	V/L	V:2	L:2	V:2	L:2	V:8,G:5,L:3	L:10,V:9	16	19	1	US	0.35486303213408577	bottom	no_change	convergent	0.07920792079207921	0.18811881188118817
PEAK1	200	0.013	0.36415442480625	0	0.6666666666666666	0.9620833333333334	0.86913	0.86913	0.9734513274336283	3	GS2+GS4+US	9	H13,H14,H15,H16,H17,H18,H4,H5,H6	MT/I	M:1,T:1	I:2	M:1,T:1	I:2	I:10,M:5,T:1	I:19	16	19	2	GS2	0.35448660821847344	top	divergent	no_change	0.04950495049504951	0.18811881188118817
PRIMPOL	222	0.041	0.48890048712781253	0	1	0.9480416666666667	0.772577	0.772577	0.7248209018120522	3	GS1+GS2+GS3	3	H17,H18,H6	E/K	E:2	K:2	E:2	K:2	E:6,K:6,R:3,N:1	R:11,K:5,N:2,E:1	16	19	2	US	0.3543652919763327	top	convergent	no_change	0.07920792079207921	0.18811881188118817
C3orf38	40	0.083	0.746504998	0	1	0.9993333333333334	0.998	0.998	0.47029077117572693	3	GS2+GS4+US	8	H10,H11,H12,H19,H20,H7,H8,H9	Q/E	Q:2	E:2	Q:2	E:2	E:13,Q:2	E:17,Q:2	15	19	1	US	0.3510744111959545	top	convergent	no_change	0.07920792079207921	0.18811881188118817
ANK3	3731	0.071	0.6951512812499999	0	1	0.974625	1	1	0.504424778761062	4	GS1+GS3+GS4+US	14	H10,H11,H12,H13,H14,H15,H16,H17,H18,H19,H20,H7,H8,H9	M/T	M:2	T:2	M:2	T:2	T:14,M:2	T:17,M:2	16	19	2	US	0.35065153125	top	convergent	no_change	0.099009900990099	0.19313531353135316
ZNF518B	563	0.022	0.375	0	0.5	1	1	1	0.934260429835651	3	GS2+GS4+US	3	H17,H18,H6	N/DI	N:2	D:1,I:1	N:2	D:1,I:1	N:15,D:1	N:16,D:1,I:1	16	18	2		0.35034766118836913	bottom	no_change	divergent	0.0396039603960396	0.18811881188118817
ZNF518B	700	0.044	0.5	0	0.6666666666666666	1	1	1	0.7003792667509482	3	GS2+GS4+US	6	H13,H14,H15,H16,H4,H5	I/MT	I:2	M:1,T:1	I:2	M:1,T:1	I:14,M:1,T:1	I:15,M:2,T:1	16	18	2	GS2	0.3501896333754741	bottom	no_change	divergent	0.0396039603960396	0.18811881188118817
DONSON	551	0.084	0.75	0	1	1	1	1	0.4664981036662452	3	GS1+GS2+US	3	H13,H14,H4	I/V	I:2	V:2	I:2	V:2	I:14,V:2	I:16,V:2	16	18	2	US	0.3498735777496839	bottom	no_change	convergent	0.10891089108910892	0.19313531353135316
DONSON	144	0.084	0.748875	0	1	1	0.9984999999999999	0.9991428571428571	0.4664981036662452	5	GS1+GS2+GS3+GS4+US	14	H1,H10,H13,H14,H15,H16,H19,H20,H3,H4,H5,H7,H8,H9	S/IN	S:2	N:2,I:1	S:4	N:3,I:1	S:14,N:2	N:10,S:7,I:1	16	18	1	US	0.34934876738305937	bottom	no_change	convergent	0.13861386138613865	0.20598484429448538
NUDT17	80	0.023	0.369759	0	0.5	0.998	1	1	0.922882427307206	4	GS1+GS3+GS4+US	2	H17,H18	G/RV	G:2	R:1,V:1	G:2	R:1,V:1	G:15,K:1	G:16,R:1,V:1	16	18	1		0.34124408343868523	bottom	no_change	divergent	0.0396039603960396	0.18811881188118817
PEAK1	999	0.086	0.75	0	1	1	1	1	0.4525916561314791	2	GS2+GS4	14	H10,H11,H12,H13,H14,H15,H16,H17,H18,H19,H20,H7,H8,H9	T/A	T:2	A:2	T:2	A:2	A:14,T:2	A:15,T:3,V:1	16	19	2	US	0.33944374209860934	top	convergent	no_change	0.12871287128712872	0.20501571115195352
GATA5	330	0.024	0.375	0	0.5	1	1	1	0.9013906447534766	2	GS4+US	9	H13,H14,H15,H16,H17,H18,H4,H5,H6	GP/A	G:1,P:1	A:2	G:1,P:1	A:2	A:10,G:1,P:1	A:15	12	15	2	GS1,GS3	0.33802149178255375	top	divergent	no_change	0.04950495049504951	0.18811881188118817
GDI2	148	0.024	0.3745703671875	0	0.5	0.9998541666666667	1	1	0.9013906447534766	5	GS1+GS2+GS3+GS4+US	9	H13,H14,H15,H16,H17,H18,H4,H5,H6	K/MN	K:2	M:1,N:1	K:2	M:1,N:1	K:9,M:6,S:1	K:12,M:6,N:1	16	19	2		0.3376342247846871	bottom	no_change	divergent	0.06930693069306931	0.18811881188118817
WDR31	109	0.048	0.5227065354660188	0	0.7	0.999625	0.997002	0.997002	0.6472819216182047	5	GS1+GS2+GS3+GS4+US	3	H4,H5,H6	EQ/K	E:1,Q:1	K:2	E:1,Q:1	K:2	K:12,N:2,E:1,Q:1	K:10,N:9	16	19	1	GS1,GS3	0.3366392460667912	top	divergent	no_change	0.06336633663366337	0.18811881188118817
NUDT17	263	0.04	0.46602038828125	0	0.625	0.9991666666666668	0.997	0.997	0.7060682680151706	4	GS1+GS2+GS4+US	2	H17,H18	T/AP	T:2	A:1,P:1	T:2	A:1,P:1	T:11,A:5	T:16,A:1,P:1	16	18	1	GS1,GS3	0.3292189544520385	bottom	no_change	divergent	0.0495049504950495	0.18811881188118817
PRIMPOL	474	0.026	0.371630622375	0	0.5	0.999	0.999	0.999	0.8697850821744627	4	GS1+GS2+GS4+US	9	H13,H14,H15,H16,H17,H18,H4,H5,H6	AR/T	A:1,R:1	T:2	R:2,A:1	T:3	T:10,A:5,R:1	T:19	16	19	1		0.3232387714209861	top	divergent	no_change	0.0396039603960396	0.18811881188118817
RDM1	258	0.028	0.375	0	0.5	1	1	1	0.8520859671302149	1	GS2	1	H17	Y/CH	Y:2	C:1,H:1	Y:2	C:1,H:1	Y:9,C:1,S:1	Y:11,C:6,H:1	11	18	1		0.3195322376738306	bottom	no_change	divergent	0.0396039603960396	0.18811881188118817
PEAK1	856	0.03	0.375	0	0.5	1	1	1	0.843236409608091	4	GS1+GS2+GS4+US	3	H14,H16,H18	P/QT	P:2	Q:1,T:1	P:2	Q:1,T:1	P:15,T:1	P:16,Q:2,T:1	16	19	1		0.3162136536030341	bottom	no_change	divergent	0.0594059405940594	0.18811881188118817
RDM1	171	0.03	0.375	0	0.5	1	1	1	0.843236409608091	2	GS4+US	1	H18	R/KS	R:2	K:1,S:1	R:2	K:1,S:1	R:11	R:15,S:2,K:1	11	18	1		0.3162136536030341	bottom	no_change	divergent	0.0198019801980198	0.18811881188118817
ZNF518B	376	0.03	0.375	0	0.5	1	1	1	0.843236409608091	3	GS2+GS4+US	3	H4,H5,H6	G/DS	G:2	D:1,S:1	G:2	D:1,S:1	G:15,S:1	G:15,D:2,S:1	16	18	1		0.3162136536030341	bottom	no_change	divergent	0.0396039603960396	0.18811881188118817
ANK3	4235	0.062	0.5530538590706249	0	0.75	0.999125	0.98802	0.98802	0.5676359039190897	2	GS2+GS4	11	H1,H10,H11,H12,H19,H2,H20,H3,H7,H8,H9	LP/ST	L:1,P:1	S:1,T:1	L:1,P:1	S:1,T:1	S:14,L:1,P:1	S:17,L:1,T:1	16	19	2	GS2	0.313933227209495	top	divergent	no_change	0.10891089108910892	0.19313531353135316
SHANK2	648	0.032	0.375	0	0.5	1	1	1	0.8280657395701644	1	GS2	3	H17,H18,H6	M/IV	M:2	I:1,V:1	M:2	I:1,V:1	M:12,T:2,V:2	M:12,T:3,I:1,V:1	16	17	2	GS3,GS4	0.31052465233881166	bottom	no_change	divergent	0.04950495049504951	0.18811881188118817
GATA5	104	0.032	0.3745625625	0	0.5	0.9998333333333334	1	1	0.8280657395701644	1	US	3	H13,H15,H17	A/SV	A:2	S:1,V:1	A:2	S:1,V:1	A:10,S:1,V:1	A:8,V:6,S:1	12	15	1		0.3101624253318584	bottom	no_change	divergent	0.0594059405940594	0.18811881188118817
SIGLEC1	1071	0.092	0.7343658971279999	0	1	0.997	0.989024	0.989024	0.4222503160556258	4	GS1+GS2+GS4+US	14	H10,H11,H12,H13,H14,H15,H16,H17,H18,H19,H20,H7,H8,H9	A/T	A:2	T:2	A:3	T:3	A:14,T:2	T:10,A:9	16	19	1	US	0.31008623216277115	bottom	no_change	convergent	0.13861386138613865	0.20598484429448538
MYLK4	345	0.033	0.375	0	0.5	1	1	1	0.820480404551201	3	GS2+GS4+US	9	H13,H14,H15,H16,H17,H18,H4,H5,H6	GR/S	G:1,R:1	S:2	G:1,R:1	S:2	S:14,G:1,R:1	S:19	16	19	2		0.3076801517067004	top	divergent	no_change	0.04950495049504951	0.18811881188118817
PRIMPOL	128	0.033	0.37457817187500003	0	0.5	0.9998750000000001	1	1	0.820480404551201	2	GS4+US	3	H14,H16,H18	K/NR	K:2	N:1,R:1	K:2	N:1,R:1	K:14,N:1,R:1	K:16,N:2,R:1	16	19	1		0.3073340499960493	bottom	no_change	divergent	0.0594059405940594	0.18811881188118817
AIPL1	287	0.025	0.34926829224999995	0	1	0.9176666666666666	0.997	0.997	0.8786346396965866	2	GS1+GS3	3	H4,H5,H6	EQ/KR	E:1,Q:1	K:1,R:1	E:1,Q:1	K:1,R:1	Q:9,E:5,K:1	Q:16,K:1,R:1	15	18	1	GS1,GS2,GS3	0.3068792201185208	bottom	no_change	convergent	0.0594059405940594	0.18811881188118817
SIGLEC1	357	0.13	0.712133124290532	0	1	0.9935	0.969293136	0.969293136	0.4298356510745891	4	GS1+GS2+GS4+US	11	H1,H10,H11,H12,H19,H2,H20,H3,H7,H8,H9	T/A	T:2	A:2	T:2	A:2	A:12,T:2,V:2	A:9,V:9,T:1	16	19	2	US	0.3061002051312021	top	convergent	no_change	0.13861386138613863	0.20598484429448538
AIPL1	20	0.034	0.3740940625	0	0.5	0.9995833333333334	1	1	0.8065739570164349	5	GS1+GS2+GS3+GS4+US	6	H13,H14,H15,H16,H4,H5	T/RV	T:2	R:1,V:1	T:2	R:1,V:1	T:9,V:5,R:1	T:13,V:5,R:1	15	19	2		0.3017345282869785	bottom	no_change	divergent	0.0891089108910891	0.18811881188118817
GATA5	28	0.098	0.7457103560937499	0	1	0.9992708333333333	0.997	0.997	0.3982300884955752	3	GS2+GS4+US	3	H11,H12,H2	S/G	S:2	G:2	S:2	G:2	G:9,S:2,D:1	G:13,D:2	12	15	2	US	0.2969643010992809	top	convergent	no_change	0.12871287128712872	0.20501571115195352
CARD14	447	0.23	0.7493750625	0	1	0.9996666666666667	1	1	0.3963337547408344	4	GS1+GS2+GS3+GS4	6	H13,H14,H15,H16,H17,H18	LV/F	V:2,L:1	F:3	V:2,L:1	F:3	F:11,L:3,V:2	F:16,V:2,L:1	16	19	2	GS3,GS4	0.29692663985461437	top	convergent	ambiguous	0.16336633663366334	0.2205530897917378
PRIMPOL	244	0.035	0.375	0	0.5	1	1	1	0.7888748419721872	3	GS2+GS4+US	9	H13,H14,H15,H16,H17,H18,H4,H5,H6	GQ/E	G:1,Q:1	E:2	Q:2,G:1	E:3	E:14,G:1,Q:1	E:19	16	19	1		0.2958280657395702	top	divergent	no_change	0.06930693069306931	0.18811881188118817
SIGLEC1	645	0.101	0.75	0	1	1	1	1	0.3919089759797725	2	GS4+US	2	H11,H18	A/G	A:2	G:2	A:2	G:2	A:16	A:16,G:3	16	19	2	US	0.29393173198482936	bottom	no_change	convergent	0.13861386138613865	0.20598484429448538
SPN	42	0.036	0.375	0	0.5	1	1	1	0.7787610619469026	4	GS2+GS3+GS4+US	3	H14,H16,H18	K/NT	K:2	N:1,T:1	K:2	N:1,T:1	K:15,N:1	K:16,T:2,N:1	16	19	1		0.2920353982300885	bottom	no_change	divergent	0.0594059405940594	0.18811881188118817
SPN	197	0.036	0.375	0	0.5	1	1	1	0.7787610619469026	1	US	3	H17,H18,H6	PV/A	P:1,V:1	A:2	P:1,V:1	A:2	V:6,A:5,P:5	A:13,V:6	16	19	2		0.2920353982300885	top	divergent	no_change	0.0594059405940594	0.18811881188118817
CARD14	446	0.036	0.374546953125	0	0.5	0.9997916666666667	1	1	0.7787610619469026	2	GS4+US	6	H13,H14,H15,H16,H4,H5	P/LS	P:2	L:1,S:1	P:2	L:1,S:1	P:14,L:1,S:1	P:16,L:2,S:1	16	19	2		0.2916825829646018	bottom	no_change	divergent	0.0396039603960396	0.18811881188118817
ANK3	3442	0.068	0.5612343750000001	0	0.75	0.99775	1	1	0.5120101137800253	4	GS1+GS3+GS4+US	5	H13,H14,H19,H7,H8	S/FY	S:2	F:1,Y:1	S:2	F:1,Y:1	S:14,Y:2	S:9,Y:9,F:1	16	19	2	GS1,GS3	0.2873576762010114	bottom	no_change	divergent	0.06930693069306931	0.18811881188118817
C3orf38	309	0.091	0.6697763428557842	9.600000017151444e-9	1	0.99925	0.8991	0.8991	0.4285714285714286	5	GS1+GS2+GS3+GS4+US	2	H2,H3	S/N	S:2	N:2	S:2	N:2	N:11,S:4	S:11,N:8	15	19	1	US	0.28704700408105044	top	convergent	no_change	0.10891089108910892	0.19313531353135316
PEAK1	1433	0.104	0.75	0	1	1	1	1	0.37547408343868516	5	GS1+GS2+GS3+GS4+US	14	H1,H10,H13,H14,H15,H16,H19,H20,H3,H4,H5,H7,H8,H9	LR/Q	R:2,L:1	Q:2	R:2,L:1	Q:3	Q:8,L:5,R:2,P:1	Q:17,P:1,R:1	16	19	2	US	0.28160556257901387	top	convergent	no_change	0.1485148514851485	0.21239220696263175
SPN	93	0.038	0.37457817187500003	0	0.5	0.9998750000000001	1	1	0.7370417193426043	1	US	3	H14,H16,H18	A/TV	A:2	T:1,V:1	A:2	T:1,V:1	A:14,T:1,V:1	A:16,T:2,V:1	16	19	1		0.2760797398269596	bottom	no_change	divergent	0.0594059405940594	0.18811881188118817
EPC1	351	0.106	0.75	0	1	1	1	1	0.36788874841972186	4	GS1+GS2+GS4+US	2	H10,H15	T/A	T:2	A:2	T:2	A:2	T:11,A:1	T:14,A:5	12	19	2	US	0.27591656131479136	bottom	no_change	convergent	0.1485148514851485	0.21239220696263175
POLR3G	101	0.038	0.37364207765624996	0	0.5	0.999375	0.999	0.999	0.7370417193426043	1	GS4	3	H4,H5,H6	A/ES	A:2	E:1,S:1	A:2	E:1,S:1	A:13,L:1,S:1,T:1	A:11,E:1,S:1	16	13	1		0.27538979933450536	bottom	no_change	divergent	0.0396039603960396	0.18811881188118817
NUDT17	77	0.04	0.3745625625	0	0.5	0.9998333333333334	1	1	0.7281921618204804	2	GS4+US	6	H13,H14,H15,H16,H17,H18	KT/R	K:1,T:1	R:2	K:1,T:1	R:2	R:9,K:4,E:1,S:1,T:1	R:18	16	18	1		0.2727535221238938	top	divergent	no_change	0.0891089108910891	0.18811881188118817
ANK3	2600	0.041	0.375	0	0.5	1	1	1	0.7231352718078381	1	GS2	11	H1,H10,H11,H12,H19,H2,H20,H3,H7,H8,H9	SV/LP	S:1,V:1	L:1,P:1	S:1,V:1	L:1,P:1	L:14,S:1,V:1	L:18,P:1	16	19	2		0.2711757269279393	top	divergent	no_change	0.04950495049504951	0.18811881188118817
SPN	73	0.047	0.373283624125	0	0.5	0.9994166666666667	0.998	0.998	0.7171302149178256	4	GS2+GS3+GS4+US	3	H15,H16,H5	P/ER	P:2	E:1,R:1	P:2	E:1,R:1	P:15,E:1	P:16,E:1,R:1,S:1	16	19	2		0.2676929655940661	bottom	no_change	divergent	0.03712871287128712	0.18811881188118817
ANK3	3881	0.06	0.3745703671875	0	0.5	0.9998541666666667	1	1	0.7142857142857143	5	GS1+GS2+GS3+GS4+US	6	H13,H14,H17,H18,H4,H6	N/DSY	N:2	D:1,S:1,Y:1	N:2	D:1,S:1	N:14,D:1,S:1	N:16,D:1,S:1,Y:1	16	19	2	GS2	0.2675502622767857	bottom	no_change	divergent	0.07524752475247524	0.18811881188118817
PEAK1	1131	0.043	0.375	0	0.5	1	1	1	0.7079646017699115	5	GS1+GS2+GS3+GS4+US	3	H15,H16,H5	Q/PR	Q:2	P:1,R:1	Q:2	P:1,R:1	Q:15,P:1	Q:16,P:2,R:1	16	19	2		0.2654867256637168	bottom	no_change	divergent	0.0396039603960396	0.18811881188118817
SIGLEC1	1460	0.064	0.5	0	0.6666666666666666	1	1	1	0.5297092288242731	3	GS1+GS2+US	6	H1,H2,H3,H4,H5,H6	V/LM	V:2	L:1,M:1	V:3	M:2,L:1	V:16	V:16,L:2,M:1	16	19	1	GS1,GS3	0.26485461441213654	bottom	no_change	divergent	0.07920792079207921	0.18811881188118817
SIGLEC1	99	0.037	0.37063461937500003	0	0.5	0.9983333333333334	0.999	0.999	0.7113358617783396	3	GS1+GS4+US	6	H13,H14,H15,H16,H17,H18	TV/G	T:1,V:1	G:2	T:1,V:1	G:2	G:10,S:4,T:1,V:1	G:17,V:2	16	19	1		0.26364569637800256	top	divergent	no_change	0.08250825082508251	0.18811881188118817
DONSON	102	0.115	0.75	0	1	1	1	1	0.33881163084702903	3	GS3+GS4+US	14	H1,H10,H13,H14,H15,H16,H19,H20,H3,H4,H5,H7,H8,H9	F/L	F:2	L:2	F:3	L:3	F:11,L:4,P:1	F:12,L:3,P:3	16	18	2	US	0.2541087231352718	bottom	no_change	convergent	0.16831683168316833	0.2205530897917378
C3orf38	118	0.115	0.7498125	0	1	0.99975	1	1	0.33881163084702903	3	GS2+GS4+US	1	H12	D/N	D:2	N:2	D:2	N:2	D:15	D:14,N:5	15	19	1	US	0.25404519595448793	bottom	no_change	convergent	0.16831683168316833	0.2205530897917378
PPM1E	468	0.046	0.375	0	0.5	1	1	1	0.6738305941845765	2	GS4+US	3	H11,H12,H2	AR/G	A:1,R:1	G:2	R:2,A:1	G:3	G:13,A:1,R:1	G:17	15	17	1		0.2526864728192162	top	divergent	no_change	0.07920792079207921	0.18811881188118817
PEAK1	1429	0.115	0.742428826875	0	1	0.998875	0.995	0.995	0.33881163084702903	3	GS2+GS4+US	6	H11,H14,H16,H18,H7,H9	A/S	A:2	S:2	A:3	S:3	A:16	A:16,S:3	16	19	1	US	0.25154352162136534	bottom	no_change	convergent	0.13861386138613865	0.20598484429448538
NUDT17	141	0.047	0.37434375000000003	0	0.5	0.9982500000000001	1	1	0.6662452591656132	2	GS1+US	2	H11,H12	S/CT	S:2	C:1,T:1	S:2	C:1,T:1	S:9,T:5,C:2	C:9,S:8,T:1	16	18	1		0.24940474873577753	bottom	no_change	divergent	0.0594059405940594	0.18811881188118817
ZNF518B	1018	0.132	0.5	0	0.6666666666666666	1	1	1	0.4749262536873156	3	GS2+GS4+US	14	H10,H11,H12,H13,H14,H15,H16,H17,H18,H19,H20,H7,H8,H9	S/ALT	S:2	A:1,L:1,T:1	S:2	A:1,T:1	S:9,T:5,A:2	A:8,T:5,S:4,L:1	16	18	2	GS4	0.24905183312262957	bottom	no_change	divergent	0.1188118811881188	0.19629789065863107
CARD14	8	0.107	0.6875861917241175	1.8318302430486705e-10	1	0.9910416666666666	0.9656249084999999	0.9656249084999999	0.36156763590391905	5	GS1+GS2+GS3+GS4+US	6	H11,H12,H17,H18,H2,H6	Q/R	Q:2	R:2	Q:3	R:3	Q:13,R:3	R:14,Q:5	16	19	2	US	0.248608913821868	top	convergent	no_change	0.13861386138613865	0.20598484429448538
SIGLEC1	905	0.119	0.75	0	1	1	1	1	0.32364096080910243	2	GS2+US	6	H11,H14,H16,H18,H7,H9	R/H	R:2	H:2	R:3	H:3	R:16	R:16,H:3	16	19	1	US	0.24273072060682682	bottom	no_change	convergent	0.1485148514851485	0.21239220696263175
SIGLEC1	336	0.049	0.373283624125	0	0.5	0.9994166666666667	0.998	0.998	0.6472819216182049	3	GS2+GS4+US	3	H17,H18,H6	S/GH	S:2	G:1,H:1	S:2	G:1,H:1	S:11,N:4,G:1	S:17,G:1,H:1	16	19	2		0.2416197415322377	bottom	no_change	divergent	0.0594059405940594	0.18811881188118817
ANK3	2048	0.052	0.375	0	1	1	1	0.5	0.6359039190897597	4	GS1+GS2+GS4+US	6	H1,H2,H3,H4,H5,H6	PT/T	P:2,T:1	T:2	P:2,T:1	T:2	P:16	P:17,T:2	16	19	1	US	0.2384639696586599	bottom	no_change	convergent	0.0594059405940594	0.18811881188118817
SPN	157	0.023	0.2562763704199673	8.516112004475218e-8	0.5	0.974	0.7316438399999999	0.7316438399999999	0.922882427307206	1	GS3	2	H4,H5	T/HN	T:2	H:1,N:1	T:2	H:1,N:1	T:5,A:4,S:4	S:10,A:5,H:1,N:1,T:1	13	18	1	GS2	0.23651295879466008	bottom	no_change	divergent	0.0297029702970297	0.18811881188118817
SIGLEC1	67	0.037	0.31167894656527867	1.6085775999985508e-5	1	0.5	0.859503	0.859503	0.7560050568900126	3	GS1+GS2+US	6	H13,H14,H15,H16,H17,H18	M/V	M:2	V:2	M:2	V:2	V:10,L:5,M:1	V:17,M:2	16	19	1	US	0.2356308597295027	bottom	ambiguous	convergent	0.07920792079207921	0.18811881188118817
WDR31	316	0.055	0.375	0	0.5	1	1	1	0.6245259165613148	2	GS1+US	6	H13,H14,H15,H16,H4,H5	S/CT	S:2	C:1,T:1	S:2	C:1,T:1	S:11,T:4,C:1	S:13,T:5,C:1	16	19	2		0.23419721871049307	bottom	no_change	divergent	0.099009900990099	0.19313531353135316
PRIMPOL	206	0.056	0.37331474925	0	0.5	0.9995	0.998	0.998	0.6219974715549936	3	GS2+GS4+US	6	H13,H14,H15,H16,H17,H18	P/QS	P:2	Q:1,S:1	P:2	Q:1,S:1	P:13,S:2,Q:1	S:10,P:8,Q:1	16	19	1		0.23220083012768647	bottom	no_change	divergent	0.0891089108910891	0.18811881188118817
DONSON	510	0.048	0.3539599877851562	0	0.5	0.9927083333333333	0.96727	0.96727	0.6548672566371682	2	GS1+GS3	6	H13,H14,H15,H16,H4,H5	HT/DN	H:1,T:1	D:1,N:1	H:1,T:1	D:1,N:1	H:5,D:4,N:4,K:2,T:1	D:12,N:5,T:1	16	18	2		0.2317968061601908	top	divergent	no_change	0.1188118811881188	0.19629789065863107
FOXI1	343	0.12	0.7136115993792744	2.432054557743868e-12	1	0.994625	0.9721788480000001	0.972178848	0.32111251580278133	3	GS2+GS4+US	2	H11,H12	S/G	S:2	G:2	S:2	G:2	S:12,G:3	G:10,S:7	15	17	1	US	0.22914961598272532	bottom	no_change	convergent	0.12871287128712872	0.20501571115195352
PRIMPOL	6	0.058	0.375	0	0.5	1	1	1	0.6093552465233881	4	GS1+GS2+GS4+US	4	H11,H12,H17,H18	A/ET	A:2	E:1,T:1	A:2	E:1,T:1	A:14,E:2	A:9,E:9,T:1	16	19	2		0.22850821744627053	bottom	no_change	divergent	0.0891089108910891	0.18811881188118817
SIGLEC1	736	0.081	0.47970536784426404	1.7923809603193064e-7	1	0.9415	0.821461956	0.821461956	0.47534766118836913	4	GS1+GS2+GS4+US	6	H13,H15,H17,H4,H5,H6	M/V	M:2	V:2	M:3	V:3	V:10,M:6	V:17,M:2	16	19	1	US	0.2280268246642772	top	convergent	no_change	0.12871287128712872	0.20501571115195352
CARD14	849	0.102	0.3680265220516002	4.080000000072914e-7	0.5	0.9973333333333334	0.998	0.998	0.6163084702907711	4	GS1+GS3+GS4+US	6	H13,H14,H15,H16,H17,H18	S/MN	S:2	M:1,N:1	S:2	M:1,N:1	S:11,N:2,T:2,I:1	N:9,S:9,M:1	16	19	1		0.22681786283205446	bottom	no_change	divergent	0.0792079207920792	0.18811881188118817
PRIMPOL	360	0.128	0.375	0	0.5	1	1	1	0.6021913190054783	3	GS2+GS4+US	3	H15,H16,H5	E/GQ	E:2	G:1,Q:1	E:2	G:1,Q:1	E:14,Q:1,R:1	E:16,D:1,G:1,Q:1	16	19	2		0.22582174462705434	bottom	no_change	divergent	0.066006600660066	0.18811881188118817
PRIMPOL	507	0.045	0.3130689870000001	0	0.5	0.9778333333333333	0.924	0.924	0.6940581542351454	4	GS1+GS3+GS4+US	3	H15,H16,H5	Y/CS	Y:2	C:1,S:1	Y:2	C:1,S:1	Y:15,C:1	Y:16,C:2,S:1	16	19	2		0.2172880832654868	bottom	no_change	divergent	0.0594059405940594	0.18811881188118817
AIPL1	348	0.058	0.3745625625	0	0.5	0.9998333333333334	1	1	0.5769068689422672	3	GS2+GS4+US	3	H13,H15,H17	G/PR	G:2	P:1,R:1	G:2	P:1,R:1	G:10,V:4	G:14,P:4,R:1	14	19	1		0.21608771515486724	bottom	no_change	divergent	0.0363036303630363	0.18811881188118817
RAD51B	105	0.133	0.74915625	0	1	0.998875	1	1	0.2869785082174463	3	GS1+GS2+US	2	H16,H9	I/V	I:2	V:2	I:2	V:2	I:16	I:16,V:3	16	19	2	US	0.21499174304677626	bottom	no_change	convergent	0.13861386138613865	0.20598484429448538
AIPL1	263	0.06	0.373641328125	0	0.5	0.999375	1	1	0.5752212389380531	2	GS1+US	11	H1,H10,H11,H12,H19,H2,H20,H3,H7,H8,H9	AM/V	A:1,M:1	V:2	A:1,M:1	V:2	V:13,A:1,M:1	V:18,A:1	15	19	2		0.21492642768252213	top	divergent	no_change	0.10891089108910892	0.19313531353135316
PRIMPOL	173	0.062	0.375	0	0.5	1	1	1	0.5676359039190897	3	GS2+GS4+US	11	H1,H10,H11,H12,H19,H2,H20,H3,H7,H8,H9	NS/D	N:1,S:1	D:2	N:1,S:1	D:2	D:14,N:1,S:1	D:19	16	19	2		0.21286346396965863	top	divergent	no_change	0.0891089108910891	0.18811881188118817
ZNF518B	791	0.062	0.375	0	0.5	1	1	1	0.5676359039190897	5	GS1+GS2+GS3+GS4+US	6	H11,H12,H17,H18,H2,H6	C/GR	C:2	G:1,R:1	C:3	G:2,R:1	C:16	C:16,G:1,R:1	16	18	2		0.21286346396965863	bottom	no_change	divergent	0.099009900990099	0.19313531353135316
RAD51B	35	0.062	0.3740940625	0	0.5	0.9995833333333334	1	1	0.5676359039190897	2	GS2+US	11	H1,H10,H11,H12,H19,H2,H20,H3,H7,H8,H9	MV/L	M:1,V:1	L:2	M:1,V:1	L:2	L:14,M:1,V:1	L:19	16	19	2	GS3	0.21234922131795192	top	divergent	no_change	0.0891089108910891	0.18811881188118817
AIPL1	352	0.088	0.3701950625	0	0.5	0.9981666666666666	1	1	0.5587863463969659	5	GS1+GS2+GS3+GS4+US	3	H13,H15,H17	Q/LS	Q:2	L:1,S:1	Q:2	L:1,S:1	Q:8,E:4,X:2,R:1	Q:14,S:4,L:1	15	19	1		0.20685994642857145	bottom	no_change	divergent	0.100990099009901	0.19313531353135316
GATA5	37	0.092	0.375	0	0.5	1	1	1	0.5503581963758954	3	GS1+GS2+US	9	H1,H10,H11,H12,H2,H3,H7,H8,H9	DI/V	D:1,I:1	V:2	I:2,D:1	V:3	V:9,D:1,G:1,I:1	V:15	12	15	1		0.20638432364096082	top	divergent	no_change	0.056105610561056105	0.18811881188118817
ZNF518B	30	0.063	0.375	0	0.5	1	1	1	0.5398230088495575	5	GS1+GS2+GS3+GS4+US	7	H1,H10,H15,H16,H20,H5,H9	G/ER	G:2	E:1,R:1	G:3	R:2,E:1	G:16	G:16,E:1,R:1	16	18	2		0.20243362831858405	bottom	no_change	divergent	0.099009900990099	0.19313531353135316
SHANK2	3	0.143	0.74971875	0	1	0.999625	1	1	0.2642225031605563	5	GS1+GS2+GS3+GS4+US	2	H11,H18	N/K	N:2	K:2	N:2	K:2	N:14,P:2	N:12,K:3	16	15	2	US	0.1980925647914033	bottom	no_change	convergent	0.18811881188118812	0.22642354733210876
PRIMPOL	217	0.084	0.375	0	0.5	1	1	1	0.5236409608091024	5	GS1+GS2+GS3+GS4+US	4	H11,H12,H17,H18	S/CL	S:2	C:1,L:1	S:2	C:1,L:1	S:13,L:2,P:1	L:9,S:9,C:1	16	19	2		0.1963653603034134	bottom	no_change	divergent	0.100990099009901	0.19313531353135316
SPN	155	0.114	0.5603027613749999	0	1	0.899	0.9764999999999999	0.9843333333333333	0.34007585335018964	1	GS2	6	H13,H14,H15,H16,H4,H5	MT/HL	M:1,T:1	H:2,L:1	M:2,T:1	H:2,L:1	T:8,M:2,X:2,H:1	H:7,T:5,X:4,L:1,M:1,S:1	13	19	1	US	0.19054543970907076	bottom	no_change	convergent	0.099009900990099	0.19313531353135316
PRIMPOL	472	0.144	0.74971875	0	1	0.999625	1	1	0.2541087231352718	3	GS3+GS4+US	4	H11,H12,H17,H18	F/L	F:2	L:2	F:2	L:2	F:12,L:4	L:10,F:9	16	19	2	US	0.19051007427307204	bottom	no_change	convergent	0.13861386138613865	0.20598484429448538
ANK3	3842	0.071	0.375	0	0.5	1	1	1	0.504424778761062	2	GS4+US	14	H10,H11,H12,H13,H14,H15,H16,H17,H18,H19,H20,H7,H8,H9	LS/P	L:1,S:1	P:2	L:1,S:1	P:2	P:14,L:1,S:1	P:17,S:2	16	19	2		0.18915929203539822	top	divergent	no_change	0.099009900990099	0.19313531353135316
PRIMPOL	529	0.144	0.743143986	0	1	0.9988333333333332	0.996	0.996	0.2541087231352718	5	GS1+GS2+GS3+GS4+US	14	H1,H10,H13,H14,H15,H16,H19,H20,H3,H4,H5,H7,H8,H9	N/S	N:2	S:2	N:3	S:3	N:15,S:1	N:15,S:4	16	19	2	US	0.18883936938811627	bottom	no_change	convergent	0.15841584158415842	0.2183347868465603
TAX1BP3	8	0.145	0.7483136248125001	0	1	0.99975	0.999	0.999	0.24399494310998737	5	GS1+GS2+GS3+GS4+US	2	H19,H20	V/Q	V:2	Q:2	V:2	Q:2	V:15,Q:1	V:15,Q:3	16	18	1	US	0.18258474031455438	bottom	no_change	convergent	0.18811881188118812	0.22642354733210876
SPN	77	0.074	0.3731265	0	0.5	1	0.999	0.999	0.48419721871049304	1	GS3	20	H1,H10,H11,H12,H13,H14,H15,H16,H17,H18,H19,H2,H20,H3,H4,H5,H6,H7,H8,H9	GW/EQ	G:1,W:1	E:1,Q:1	W:2,G:1	Q:2,E:1	Q:8,E:6,G:1,W:1	Q:12,E:6,G:1	16	19	2		0.18066681352718078	top	divergent	no_change	0.1188118811881188	0.19629789065863107
PEAK1	812	0.12	0.5625	0	0.75	1	1	1	0.32111251580278133	2	GS1+US	14	H1,H10,H13,H14,H15,H16,H19,H20,H3,H4,H5,H7,H8,H9	T/AS	T:2	A:1,S:1	T:3	S:2,A:1	T:15,A:1	T:16,A:2,S:1	16	19	2	GS1,GS3	0.1806257901390645	bottom	no_change	divergent	0.1188118811881188	0.19629789065863107
ANK3	2143	0.051	0.27906945525000004	0	0.5	0.9611666666666667	0.963	0.963	0.6409608091024019	1	GS2	3	H13,H15,H17	AV/IT	A:1,V:1	I:1,T:1	A:1,V:1	I:1,T:1	V:10,A:5,T:1	V:14,I:4,T:1	16	19	1		0.17887258383280658	bottom	no_change	divergent	0.10891089108910892	0.19313531353135316
SIGLEC1	1387	0.075	0.375	0	0.5	1	1	1	0.47661188369152974	1	US	6	H13,H14,H15,H16,H17,H18	D/EN	D:2	E:1,N:1	D:2	E:1,N:1	D:13,E:2,N:1	E:9,D:8,N:2	16	19	1	GS1,GS3	0.17872945638432364	bottom	no_change	divergent	0.10891089108910892	0.19313531353135316
NUDT17	3	0.086	0.375	0	0.5	1	1	1	0.4525916561314791	2	GS1+US	2	H17,H18	TV/A	T:1,V:1	A:2	T:1,V:1	A:2	A:9,T:6,V:1	A:15,T:2,V:1	16	18	1		0.16972187104930467	top	divergent	no_change	0.15841584158415842	0.2183347868465603
PRIMPOL	500	0.086	0.375	0	0.5	1	1	1	0.4525916561314791	1	US	20	H1,H10,H11,H12,H13,H14,H15,H16,H17,H18,H19,H2,H20,H3,H4,H5,H6,H7,H8,H9	D/EN	D:2	E:1,N:1	D:3	E:2,N:1	D:10,N:4,K:2	D:12,N:6,E:1	16	19	2	GS1,GS3	0.16972187104930467	bottom	no_change	divergent	0.1485148514851485	0.21239220696263175
PEAK1	998	0.087	0.375	0	0.5	1	1	1	0.4462705436156763	4	GS1+GS3+GS4+US	8	H10,H11,H12,H19,H20,H7,H8,H9	RV/G	R:1,V:1	G:2	R:1,V:1	G:2	G:14,R:1,V:1	G:17,R:2	16	19	1		0.16735145385587863	top	divergent	no_change	0.07920792079207921	0.18811881188118817
CARD14	147	0.1	0.32415445416666666	0	0.43333333333333335	0.9990666666666667	1	1	0.4953223767383059	5	GS1+GS2+GS3+GS4+US	5	H11,H14,H16,H17,H18,H6	N/DHS	N:3	D:1,H:1,S:1	N:3	D:1,H:1,S:1	N:15,D:1	N:15,S:2,D:1,H:1	16	19	5		0.16556648816371683	bottom	no_change	divergent	0.10693069306930694	0.19313531353135316
FOXI1	77	0.09	0.37512325	9.8599999999995e-4	1	1	1	0.5	0.4348925410872313	3	GS2+GS4+US	2	H11,H18	GS/S	G:2,S:1	S:2	G:2,S:1	S:2	G:15	G:14,S:3	15	17	1	US	0.16313830341340074	bottom	no_change	convergent	0.1188118811881188	0.19629789065863107
SIGLEC1	157	0.019	0.16806931444800002	0	1	0.857375	0.511488	0.511488	0.9570164348925411	3	GS2+GS4+US	9	H13,H14,H15,H16,H17,H18,H4,H5,H6	A/P	A:2	P:2	A:2	P:2	P:10,A:6	P:19	16	19	2	US	0.16084509612785844	top	convergent	no_change	0.0594059405940594	0.18811881188118817
SPN	90	0.092	0.37457817187500003	0	0.5	0.9998750000000001	1	1	0.4222503160556258	3	GS2+GS4+US	14	H10,H11,H12,H13,H14,H15,H16,H17,H18,H19,H20,H7,H8,H9	T/NP	T:2	N:1,P:1	T:3	P:2,N:1	T:14,N:2	N:9,T:9,P:1	16	19	1		0.1581657514617573	bottom	no_change	divergent	0.13861386138613865	0.20598484429448538
SHANK2	425	0.149	0.75	0	1	1	1	1	0.20859671302149174	4	GS1+GS3+GS4+US	11	H1,H10,H11,H12,H19,H2,H20,H3,H7,H8,H9	L/P	L:2	P:2	L:2	P:2	P:10,L:6	P:14,L:3	16	17	2	US	0.1564475347661188	top	convergent	no_change	0.1485148514851485	0.21239220696263175
CARD14	459	0.116	0.491179110625	0	0.6666666666666666	0.9972916666666667	0.998	0.998	0.31479140328697847	3	GS1+GS2+US	9	H13,H14,H15,H16,H17,H18,H4,H5,H6	V/IM	V:2	I:1,M:1	V:2	I:1,M:1	V:9,M:5,I:2	V:12,M:6,I:1	16	19	2	GS1,GS3	0.15151416307522123	bottom	no_change	divergent	0.16501650165016502	0.2205530897917378
ZNF518B	531	0.127	0.4885083328966482	0	0.75	0.9862500000000001	0.9288682020000001	0.9288682020000001	0.2996207332490518	2	GS1+GS2	6	H1,H2,H3,H4,H5,H6	FI/CV	F:1,I:1	C:1,V:1	I:2,F:1	V:2,C:1	F:10,I:4,V:2	F:16,C:1,V:1	16	18	1	GS1	0.14636722490076565	bottom	no_change	divergent	0.1188118811881188	0.19629789065863107
AIPL1	343	0.157	0.75	0	1	1	1	1	0.19469026548672563	4	GS1+GS3+GS4+US	3	H14,H19,H7	P/L	P:2	L:2	P:2	L:2	P:13,L:2	P:13,L:6	15	19	2	US	0.14601769911504422	bottom	no_change	convergent	0.13861386138613865	0.20598484429448538
PITPNA	102	0.102	0.375	0	0.5	1	1	1	0.38685208596713017	4	GS1+GS3+GS4+US	9	H13,H14,H15,H16,H17,H18,H4,H5,H6	MN/T	M:1,N:1	T:2	M:1,N:1	T:2	T:13,M:2,N:1	T:19	16	19	2		0.14506953223767383	top	divergent	no_change	0.12871287128712872	0.20501571115195352
SPN	129	0.103	0.36858794624999996	0	0.5	0.9978125	0.992	0.992	0.37926675094816686	3	GS2+GS4+US	6	H11,H12,H17,H18,H2,H6	T/AN	T:2	A:1,N:1	T:3	N:2,A:1	T:15,I:1	T:17,A:1,N:1	16	19	2		0.13979315281289506	bottom	no_change	divergent	0.15841584158415842	0.2183347868465603
SIGLEC1	356	0.138	0.5	0	0.6666666666666666	1	1	1	0.2756005056890013	3	GS2+GS4+US	2	H2,H6	S/AL	S:2	A:1,L:1	S:2	A:1,L:1	S:12,P:4	S:16,L:2,A:1	16	19	2	GS4	0.13780025284450065	bottom	no_change	divergent	0.15841584158415842	0.2183347868465603
SPN	319	0.106	0.371571993	0	0.5	0.9988333333333332	0.996	0.996	0.36788874841972186	1	US	6	H13,H14,H15,H16,H4,H5	D/EN	D:2	E:1,N:1	D:2	E:1,N:1	D:6,N:5,A:4,E:1	D:13,N:5,E:1	16	19	2	GS1,GS3	0.13669715545259165	bottom	no_change	divergent	0.099009900990099	0.19313531353135316
SIGLEC1	204	0.224	0.7435720507812501	0	1	0.9964114583333334	0.995	0.995	0.1829962073324905	4	GS1+GS2+GS3+GS4	7	H13,H14,H19,H3,H4,H7,H8	Q/R	Q:2	R:2	Q:3	R:3	Q:13,H:3	H:9,Q:8,R:2	16	19	2	US	0.1355503482784845	bottom	ambiguous	convergent	0.20049504950495048	0.2339108910891089
SIGLEC1	1441	0.066	0.26198129208758686	2.8938649999643573e-6	1	0.5	0.7377150000000001	0.7377150000000001	0.515802781289507	1	GS4	6	H13,H14,H15,H16,H17,H18	LV/M	L:1,V:1	M:2	L:1,V:1	M:2	V:8,M:6,L:1,T:1	M:10,V:9	16	19	1	GS3,GS4	0.135130679104596	top	convergent	no_change	0.10891089108910892	0.19313531353135316
SIGLEC1	1413	0.095	0.33257995364988285	0	0.5	0.9876041666666667	0.9373815	0.9354196499999999	0.4020227560050569	2	GS2+US	20	H1,H10,H11,H12,H13,H14,H15,H16,H17,H18,H19,H2,H20,H3,H4,H5,H6,H7,H8,H9	R/HS	R:2	H:1,S:1	R:3	H:2,S:1	R:10,S:6	R:12,S:6,H:1	16	19	2		0.13370470955835997	bottom	no_change	divergent	0.16831683168316833	0.2205530897917378
EMC9	199	0.109	0.375	0	0.5	1	1	1	0.35398230088495575	5	GS1+GS2+GS3+GS4+US	4	H14,H16,H7,H9	G/CD	G:2	C:1,D:1	G:2	C:1,D:1	G:7,D:5	G:12,D:5,C:2	12	19	2		0.1327433628318584	bottom	no_change	divergent	0.16831683168316833	0.2205530897917378
PPM1E	31	0.161	0.74971875	0	1	0.999625	1	1	0.17319848293299622	4	GS1+GS3+GS4+US	6	H11,H12,H17,H18,H2,H6	M/T	M:2	T:2	M:3	T:3	T:13,M:2	T:16,M:1	15	17	2	US	0.12985015012642226	top	convergent	no_change	0.21782178217821785	0.24760937632224764
ZNF518B	587	0.113	0.375	0	0.5	1	1	1	0.34386852085967134	3	GS1+GS3+GS4	3	H15,H16,H5	H/QY	H:2	Q:1,Y:1	H:2	Q:1,Y:1	H:14,Q:1,R:1	H:15,Q:2,Y:1	16	18	2		0.12895069532237674	bottom	no_change	divergent	0.1188118811881188	0.19629789065863107
TAX1BP3	3	0.145	0.525	0	0.7	1	1	1	0.24399494310998737	5	GS1+GS2+GS3+GS4+US	2	H19,H20	Q/FL	Q:2	F:1,L:1	Q:2	F:1,L:1	Q:15,L:1	Q:15,L:2,F:1	16	18	1	GS1,GS2	0.12809734513274337	bottom	no_change	divergent	0.18811881188118812	0.22642354733210876
SIGLEC1	1322	0.126	0.41447273437499993	0	1	0.5621875	0.983	0.983	0.3059418457648546	5	GS1+GS2+GS3+GS4+US	14	H1,H10,H13,H14,H15,H16,H19,H20,H3,H4,H5,H7,H8,H9	R/Q	R:2	Q:2	R:3	Q:3	Q:8,R:8	Q:17,R:2	16	19	2	US	0.1268045533738938	bottom	no_change	convergent	0.16831683168316833	0.2205530897917378
ANK3	2191	0.157	0.6431246546512499	0	1	0.9865833333333333	0.9110699999999999	0.91107	0.19469026548672563	5	GS1+GS2+GS3+GS4+US	8	H1,H10,H19,H20,H3,H7,H8,H9	N/S	N:2	S:2	N:2	S:2	N:10,S:6	N:15,S:4	16	19	2	US	0.12521010975511057	bottom	no_change	convergent	0.1485148514851485	0.21239220696263175
SHANK2	1	0.142	0.4556468474009999	7.439999999999e-4	1	0.624875	1	1	0.2680151706700379	3	GS1+GS2+GS3	6	H11,H14,H16,H18,H7,H9	E/AG	E:2	A:1,G:1	E:2	A:1,G:1	G:6,A:5,E:3,D:1,R:1	A:6,E:5,G:3,D:1	16	15	2	GS1,GS2,GS3	0.1221202675714437	bottom	no_change	convergent	0.1782178217821782	0.22574257425742572
NUMBL	390	0.12	0.3745703671875	0	0.5	0.9998541666666667	1	1	0.32111251580278133	1	US	14	H1,H10,H13,H14,H15,H16,H19,H20,H3,H4,H5,H7,H8,H9	S/PT	S:2	P:1,T:1	S:3	T:2,P:1	S:15,P:1	S:16,P:2,T:1	16	19	2	GS3	0.12027923295274968	bottom	no_change	divergent	0.1188118811881188	0.19629789065863107
ZNF518B	542	0.118	0.36608653124999996	0	0.5	0.994125	1	1	0.3249051833122629	1	US	14	H10,H11,H12,H13,H14,H15,H16,H17,H18,H19,H20,H7,H8,H9	LV/I	L:1,V:1	I:2	L:1,V:1	I:2	I:13,V:2,L:1	I:16,V:2	16	18	2	GS3,GS4	0.1189434115439317	top	divergent	no_change	0.1782178217821782	0.22574257425742572
SIGLEC1	1615	0.163	0.710200125	0	1	0.998875	1	1	0.16434892541087232	1	GS1	10	H10,H13,H14,H15,H16,H19,H20,H7,H8,H9	LM/V	L:1,M:1	V:2	L:1,M:1	V:2	L:7,V:7,M:2	V:14,L:3,M:2	16	19	2	US	0.11672062737041719	bottom	no_change	convergent	0.2079207920792079	0.2383919426425401
SIGLEC1	8	0.124	0.375	0	0.5	1	1	1	0.3109987357774968	3	GS2+GS4+US	14	H1,H10,H13,H14,H15,H16,H19,H20,H3,H4,H5,H7,H8,H9	Q/ER	Q:2	E:1,R:1	Q:3	R:2,E:1	Q:15,E:1	Q:16,E:2,R:1	16	19	2		0.1166245259165613	bottom	no_change	divergent	0.1188118811881188	0.19629789065863107
SIGLEC1	424	0.124	0.375	0	0.5	1	1	1	0.3109987357774968	1	US	14	H1,H10,H13,H14,H15,H16,H19,H20,H3,H4,H5,H7,H8,H9	H/QR	H:2	Q:1,R:1	H:3	Q:2,R:1	H:15,R:1	H:16,R:2,Q:1	16	19	2		0.1166245259165613	bottom	no_change	divergent	0.1188118811881188	0.19629789065863107
SIGLEC1	174	0.066	0.2253990838539375	0	0.5	0.9355	0.896103	0.896103	0.515802781289507	2	GS2+GS4	3	H4,H5,H6	ST/GI	S:1,T:1	G:1,I:1	S:1,T:1	G:1,I:1	S:10,T:5,I:1	S:16,G:2,I:1	16	19	1		0.11626147435196776	bottom	no_change	divergent	0.0594059405940594	0.18811881188118817
SEC24C	403	0.158	0.6	0	0.8	1	1	1	0.17926675094816685	5	GS1+GS2+GS3+GS4+US	2	H11,H18	R/ST	R:2	S:1,T:1	R:2	S:1,T:1	R:14,S:2	R:16,S:2,T:1	16	19	2	GS2,GS3,GS4	0.10733249051833121	bottom	no_change	divergent	0.18811881188118812	0.22642354733210876
SIGLEC1	823	0.136	0.374625	0	1	0.5	0.999	0.999	0.2831858407079646	1	GS2	3	H4,H5,H6	R/HQ	R:2	H:1,Q:1	R:2	H:1,Q:1	R:8,Q:6,H:2	R:10,Q:6,H:3	16	19	1	GS2	0.10608849557522124	bottom	no_change	convergent	0.15841584158415842	0.2183347868465603
RAD51B	68	0.137	0.375	0	0.5	1	1	1	0.281921618204804	5	GS1+GS2+GS3+GS4+US	8	H10,H12,H13,H15,H17,H19,H20,H8	G/ER	G:2	E:1,R:1	G:3	R:2,E:1	G:15,E:1	G:11,E:7,R:1	16	19	1		0.1057206068268015	bottom	no_change	divergent	0.18811881188118812	0.22642354733210876
PEAK1	141	0.105	0.28577736990316344	0	0.5	0.9673333333333333	0.874370754	0.874370754	0.36915297092288246	1	GS1	8	H1,H10,H19,H20,H3,H7,H8,H9	TV/IM	T:1,V:1	I:1,M:1	T:1,V:1	I:1,M:1	M:9,I:5,T:1,V:1	M:16,I:1,T:1,V:1	16	19	2		0.10549556512228032	top	divergent	no_change	0.1485148514851485	0.21239220696263175
DONSON	37	0.14	0.375	0	0.5	1	1	1	0.2718078381795196	1	US	6	H13,H14,H15,H16,H4,H5	DQ/E	D:1,Q:1	E:2	D:2,Q:1	E:3	E:13,D:1,G:1,Q:1	E:17,G:1	16	18	1	GS1,GS3	0.10192793931731985	top	divergent	no_change	0.13861386138613865	0.20598484429448538
NUDT17	73	0.143	0.375	0	0.5	1	1	1	0.2642225031605563	1	US	6	H13,H14,H15,H16,H17,H18	EN/D	E:1,N:1	D:2	E:1,N:1	D:2	D:8,N:5,E:2,H:1	D:17,E:1	16	18	1	GS1,GS3	0.09908343868520861	top	divergent	no_change	0.16831683168316833	0.2205530897917378
SHANK2	11	0.174	0.5792765624999999	0	1	0.77625	1	1	0.1691529709228824	5	GS1+GS2+GS3+GS4+US	6	H11,H14,H16,H18,H7,H9	A/DN	A:2	D:2,N:1	A:2	D:2	D:11,A:4,L:1	D:8,A:7,N:1	16	16	2	US	0.09798635153286975	bottom	no_change	convergent	0.1801980198019802	0.22642354733210876
WDR31	19	0.111	0.28080597379828126	0	0.5	0.9674791666666667	0.99102	0.99102	0.34513274336283184	1	GS2	6	H11,H12,H17,H18,H2,H6	GV/MR	G:1,V:1	M:1,R:1	G:2,V:1	R:2,M:1	V:9,G:6,M:1	V:17,M:1,R:1	16	19	2		0.09691533608967229	bottom	no_change	divergent	0.10891089108910892	0.19313531353135316
SPN	62	0.123	0.309018796875	0	0.5	0.824875	1	1	0.3122629582806574	1	US	5	H13,H14,H19,H7,H8	I/LT	I:2	L:1,T:1	I:2	L:1,T:1	I:9,T:3,L:2,A:1,F:1	I:9,L:9,T:1	16	19	2		0.09649512367651708	bottom	no_change	divergent	0.10891089108910892	0.19313531353135316
SIGLEC1	640	0.18	0.6666666666666666	0	0.8888888888888888	1	1	1	0.14243573535608933	3	GS2+GS4+US	20	H1,H10,H11,H12,H13,H14,H15,H16,H17,H18,H19,H2,H20,H3,H4,H5,H6,H7,H8,H9	IL/M	L:2,I:1	M:3	I:2,L:2	M:4	M:13,L:2,I:1	M:18,L:1	16	19	1	GS1,GS2,GS3,GS4	0.09481668773704172	top	codivergent	no_change	0.24752475247524752	0.273201594018323
SHANK2	8	0.147	0.36550460874999996	0.014471	0.5	1	1	1	0.256890012642225	5	GS1+GS2+GS3+GS4+US	6	H11,H14,H16,H18,H7,H9	EK/P	E:1,K:1	P:2	E:1,K:1	P:2	P:12,K:2,E:1,T:1	P:8,K:6,E:2,G:1	16	17	2		0.093894483562579	top	divergent	no_change	0.15445544554455445	0.2183347868465603
TAX1BP3	2	0.145	0.375	0	0.5	1	1	1	0.24399494310998737	4	GS1+GS2+GS4+US	2	H19,H20	G/QT	G:2	Q:1,T:1	G:2	Q:1,T:1	G:15,Q:1	G:15,Q:2,T:1	16	18	1		0.09149810366624526	bottom	no_change	divergent	0.18811881188118812	0.22642354733210876
TAX1BP3	7	0.145	0.375	0	0.5	1	1	1	0.24399494310998737	4	GS1+GS2+GS3+US	2	H19,H20	A/CL	A:2	C:1,L:1	A:2	C:1,L:1	A:15,L:1	A:15,L:2,C:1	16	18	1		0.09149810366624526	bottom	no_change	divergent	0.18811881188118812	0.22642354733210876
TAX1BP3	5	0.145	0.37415681240625004	0	0.5	0.99975	0.999	0.999	0.24399494310998737	5	GS1+GS2+GS3+GS4+US	2	H19,H20	V/FT	V:2	F:1,T:1	V:2	F:1,T:1	V:15,F:1	V:15,F:2,T:1	16	18	1		0.09129237015727719	bottom	no_change	divergent	0.18811881188118812	0.22642354733210876
PRIMPOL	253	0.094	0.18487006862676791	0.005450609934	0.5	0.9981041666666667	0.99300600000000006	0.49650300000000003	0.4860935524652339	2	GS1+US	6	H11,H12,H17,H18,H2,H6	ST/RT	S:2,T:1	R:1,T:1	S:2,T:1	R:1,T:1	S:14,P:1,X:1	S:17,R:1,T:1	16	19	2		0.0898641484032772	bottom	no_change	divergent	0.12871287128712872	0.20501571115195352
DONSON	28	0.203	0.74656724825	0	1	0.9994166666666667	0.998	0.998	0.12010113780025289	2	GS2+US	8	H1,H10,H19,H20,H3,H7,H8,H9	R/H	R:2	H:2	R:2	H:2	R:11,H:4,X:1	R:15,H:3	16	18	2	US	0.08966357595922886	bottom	no_change	convergent	0.22772277227722773	0.2555875840748632
TAX1BP3	0	0.145	0.36675910030987496	0	0.5	0.998875	0.9850359999999999	0.985036	0.24399494310998737	2	GS3+GS4	2	H19,H20	IV/FP	I:1,V:1	F:1,P:1	I:1,V:1	F:1,P:1	I:14,F:1,V:1	I:15,F:2,P:1	16	18	1	GS2	0.08948736581517809	bottom	no_change	divergent	0.18811881188118812	0.22642354733210876
PRIMPOL	308	0.336	0.537259078125	0	0.875	0.8195	1	1	0.14601769911504422	4	GS1+GS2+GS3+GS4	10	H1,H14,H16,H19,H20,H3,H4,H5,H7,H9	I/MTV	I:2	T:2,M:1,V:1	I:3	T:2,M:1	L:6,I:4,T:3,A:2,M:1	I:8,T:6,M:2,V:2,L:1	16	19	2	US	0.0879098292904551	bottom	no_change	convergent	0.2871287128712871	0.3055049504950495
SPN	156	0.224	0.5807801862143209	6.162971496295436e-6	0.7777777777777778	0.999101851851852	1	0.9990227111111111	0.13358617783396542	3	GS2+GS4+US	9	H13,H14,H15,H16,H17,H18,H4,H5,H6	A/GS	A:3	S:3,G:2	A:4	G:2,S:2	A:10,S:2,G:1	S:10,A:6,G:3	13	19	3	GS1,GS3	0.08339221011897914	bottom	no_change	convergent	0.18481848184818483	0.22642354733210876
SPN	154	0.338	0.2804633184296328	0	0.375	0.99953125	0.99974975	0.9994583333333333	0.2291403286978508	4	GS2+GS3+GS4+US	9	H13,H14,H15,H16,H17,H18,H4,H5,H6	T/ADHY	T:3	A:1,D:1,H:1,Y:1	T:4	Y:2,D:1,H:1	T:14,H:1	T:10,Y:5,H:2,A:1,D:1	15	19	3		0.08288188918372953	bottom	no_change	divergent	0.2202970297029703	0.24935748894038343
NUDT17	240	0.157	0.5	0	0.6666666666666666	1	1	1	0.17235566793088916	3	GS1+GS2+US	6	H10,H19,H20,H7,H8,H9	V/LM	V:2	L:1,M:1	V:2	L:1,M:1	V:12,L:2,M:2	L:9,V:7,M:2	16	18	1	GS1,GS3	0.08059418457648546	bottom	no_change	divergent	0.1683168316831683	0.2205530897917378
CARD14	92	0.218	0.74971875	0	1	0.999625	1	1	0.10745891276864727	2	GS2+US	4	H14,H16,H7,H9	R/H	R:2	H:2	R:2	H:2	R:11,G:4,H:1	R:15,H:4	16	19	2	US	0.08056396175726928	bottom	no_change	convergent	0.2871287128712871	0.3055049504950495
AIPL1	329	0.15	0.374546953125	0	0.5	0.9997916666666667	1	1	0.20353982300884954	4	GS1+GS2+GS4+US	11	H1,H10,H11,H12,H19,H2,H20,H3,H7,H8,H9	ET/A	E:1,T:1	A:2	E:1,T:1	A:2	A:10,E:2,T:2	A:15,E:3,T:1	14	19	2		0.07623522054756637	top	divergent	no_change	0.19801980198019803	0.23204082522789726
WDR31	34	0.254	0.75	0	1	1	1	1	0.09456384323640958	5	GS1+GS2+GS3+GS4+US	6	H11,H12,H17,H18,H2,H6	Y/H	Y:2	H:2	Y:3	H:3	Y:13,C:2,H:1	Y:16,H:2,S:1	16	19	2	US	0.07092288242730718	bottom	no_change	convergent	0.23762376237623764	0.2633663366336634
ANK3	1831	0.143	0.5605531439967726	6.359999971117247e-9	0.8	0.9904999999999999	0.945106	0.945106	0.1413400758533502	5	GS1+GS2+GS3+GS4+US	4	H13,H14,H15,H16	ST/N	S:1,T:1	N:2	S:1,T:1	N:2	N:8,T:5,S:3	N:15,S:4	16	19	1	GS2,GS3,GS4	0.06200809115008547	top	divergent	no_change	0.2594059405940594	0.2804958544634951
DONSON	34	0.164	0.37457817187500003	0	0.5	0.9998750000000001	1	1	0.1630847029077117	1	GS2	2	H14,H16	P/QS	P:2	Q:1,S:1	P:2	Q:1,S:1	P:14,L:1,S:1	P:13,S:3,Q:2	16	18	1		0.06108796987594815	bottom	no_change	divergent	0.19801980198019803	0.23204082522789726
SPN	191	0.05	0.0930159737285625	0	0.5	0.8827499999999999	0.48952700000000005	0.489527	0.6434892541087232	2	GS2+GS3	3	H13,H15,H17	KR/GN	K:1,R:1	G:1,N:1	K:1,R:1	G:1,N:1	R:9,K:5,G:1,N:1	R:11,G:7,N:1	16	19	1		0.059854779554789274	bottom	no_change	divergent	0.099009900990099	0.19313531353135316
SHANK2	14	0.188	0.43817860944	0.0041039999999999	1	0.624	1	1	0.134007585335019	3	GS2+GS4+US	4	H14,H16,H7,H9	Q/E	Q:2	E:2	Q:2	E:2	E:11,Q:4,P:1	E:8,Q:8,P:1	16	17	2	US	0.05871925739651076	bottom	ambiguous	convergent	0.1782178217821782	0.22574257425742572
DONSON	92	0.035	0.07217428530292032	0	0.5	0.8687499999999999	0.5262284340000001	0.5262284340000001	0.7888748419721872	2	GS1+GS3	8	H1,H10,H19,H20,H3,H7,H8,H9	HL/AP	H:1,L:1	A:1,P:1	H:2,L:1	A:2,P:1	A:9,P:5,H:1,L:1	A:17,P:1	16	18	1		0.056936477912796817	top	divergent	no_change	0.06930693069306931	0.18811881188118817
SHANK2	13	0.173	0.3505800438119999	0.488376	1	0.866375	1	1	0.16182048040455121	3	GS2+GS4+US	4	H14,H16,H7,H9	QS/E	Q:1,S:1	E:2	Q:1,S:1	E:2	E:11,S:3,G:1,Q:1	E:8,S:6,Q:1,R:1	16	16	2	US	0.05673103110990644	bottom	no_change	convergent	0.1782178217821782	0.22574257425742572
SIGLEC1	334	0.174	0.3745625625	0	0.5	0.9998333333333334	1	1	0.1498103666245259	2	GS2+US	6	H13,H14,H15,H16,H17,H18	R/HS	R:2	H:1,S:1	R:2	H:1,S:1	R:11,H:4,S:1	H:9,R:8,Q:1,S:1	16	19	1		0.05611335481194689	bottom	no_change	divergent	0.19306930693069307	0.23133529569173134
PSME4	1307	0.27	0.74971875	0	1	0.999625	1	1	0.06573957016434895	3	GS1+GS2+US	4	H14,H16,H7,H9	I/V	I:2	V:2	I:2	V:2	I:14,V:2	I:15,V:4	16	19	2	US	0.04928618836915299	bottom	no_change	convergent	0.3069306930693069	0.32143135573399856
PRIMPOL	242	0.193	0.37331474925	0	0.5	0.9995	0.998	0.998	0.1302149178255373	2	GS4+US	2	H19,H20	K/ER	K:2	E:1,R:1	K:2	E:1,R:1	K:15,N:1	K:17,E:1,R:1	16	19	1		0.04861114939664981	bottom	no_change	divergent	0.27722772277227725	0.2985529322162986
SIGLEC1	792	0.197	0.375	0	0.5	1	1	1	0.12642225031605558	2	GS1+US	4	H1,H3,H4,H5	V/AI	V:2	A:1,I:1	V:2	A:1,I:1	V:14,A:2	V:15,A:2,I:2	16	19	2	GS4	0.047408343868520844	bottom	no_change	divergent	0.16831683168316833	0.2205530897917378
PRIMPOL	343	0.198	0.375	0	0.5	1	1	1	0.12389380530973448	3	GS2+GS4+US	4	H14,H16,H7,H9	Q/ER	Q:2	E:1,R:1	Q:2	E:1,R:1	Q:16	Q:15,E:2,R:2	16	19	2		0.04646017699115043	bottom	no_change	divergent	0.1782178217821782	0.22574257425742572
PRIMPOL	201	0.141	0.1670123023725	0.005169633333333315	0.5	0.988	1	1	0.270543615676359	2	GS1+GS3	20	H1,H10,H11,H12,H13,H14,H15,H16,H17,H18,H19,H2,H20,H3,H4,H5,H6,H7,H8,H9	GH/DS	G:1,H:1	D:2,S:1	H:2,G:1	D:3,S:1	D:13,G:1,H:1,S:1	D:18,N:1	16	19	1		0.0451841121462895	top	divergent	no_change	0.2079207920792079	0.2383919426425401
ZNF518B	379	0.214	0.375	0	0.5	1	1	1	0.11125158027812898	3	GS2+GS4+US	4	H1,H3,H4,H5	G/DS	G:2	D:1,S:1	G:2	D:1,S:1	G:15,S:1	G:14,D:2,S:2	16	18	2		0.04171934260429837	bottom	no_change	divergent	0.2079207920792079	0.2383919426425401
ZNF518B	705	0.239	0.5	0	0.6666666666666666	1	1	1	0.08386009270965027	3	GS1+GS2+US	4	H14,H16,H7,H9	V/LMT	V:2	L:1,M:1,T:1	V:2	L:1,T:1	V:10,M:5,L:1	V:11,M:4,L:2,T:1	16	18	2	GS1,GS3	0.04140328697850823	bottom	no_change	divergent	0.25412541254125415	0.27932793279327933
ANK3	4148	0.237	0.4984386249999999	0	0.6666666666666666	0.998875	1	1	0.0834386852085967	3	GS2+GS4+US	4	H11,H12,H17,H18	S/AL	S:2	A:1,L:1	S:2	A:1,L:1	S:10,P:4,A:2	A:9,S:9,L:1	16	19	2	GS4	0.04001372021175725	bottom	no_change	divergent	0.2376237623762376	0.2633663366336634
SPN	125	0.219	0.375	0	0.5	1	1	1	0.10493046776232617	4	GS2+GS3+GS4+US	14	H1,H10,H12,H13,H15,H17,H19,H2,H20,H3,H4,H5,H6,H8	ER/G	E:1,R:1	G:2	E:2,R:1	G:3	G:13,E:2,R:1	G:16,E:2,R:1	16	19	2		0.039348925410872315	top	divergent	no_change	0.25742574257425743	0.2794908062234795
PEAK1	1005	0.178	0.2592423994917188	0	0.5	0.974125	0.792934	0.792934	0.1517067003792667	3	GS1+GS4+US	2	H19,H20	M/TV	M:2	T:1,V:1	M:2	T:1,V:1	M:11,T:5	M:15,T:2,R:1,V:1	16	19	1		0.039328809025292344	bottom	no_change	divergent	0.19801980198019803	0.23204082522789726
ANK3	3827	0.287	0.7227170713199738	8.579412069664725e-10	1	0.9948333333333335	0.970568473	0.9704713676	0.05436156763590394	3	GS1+GS2+US	10	H10,H13,H14,H15,H16,H19,H20,H7,H8,H9	I/V	I:2	V:2	I:3	V:3	I:12,V:4	V:13,I:6	16	19	1	US	0.039288032954183164	bottom	ambiguous	convergent	0.25742574257425743	0.2794908062234795
SIGLEC1	1495	0.311	0.75	0	1	1	1	1	0.04551201011378003	2	GS2+US	8	H1,H11,H19,H2,H20,H3,H7,H9	H/R	H:2	R:2	H:2	R:2	R:13,H:3	R:15,H:4	16	19	2	US	0.034134007585335024	top	convergent	no_change	0.38613861386138615	0.39353590531466937
SPN	82	0.264	0.46361201015625	0	1	0.625	0.992015	0.992015	0.07206068268015176	1	GS3	3	H13,H15,H17	K/E	K:2	E:2	K:2	E:2	N:7,K:6,E:3	E:7,N:6,K:5,S:1	16	19	1	US	0.03340819795057682	bottom	no_change	convergent	0.3069306930693069	0.32143135573399856
CARD14	821	0.203	0.23325603330298667	0.0012856403485714256	1	0.6666666666666666	0.553815	0.553217142857143	0.1428571428571429	3	GS2+GS4+US	14	H10,H11,H12,H13,H14,H15,H16,H17,H18,H19,H20,H7,H8,H9	G/S	G:2	S:2	G:3	S:3	G:8,S:7,T:1	S:14,G:5	16	19	1	US	0.03332229047185525	bottom	no_change	convergent	0.22442244224422445	0.2529507188006937
ANK3	3722	0.057	0.052612033019047974	0.016730439192	1	0.5	0.267794	0.2677940000000001	0.6169405815423514	4	GS1+GS2+GS4+US	3	H13,H15,H17	M/V	M:2	V:2	M:2	V:2	V:10,M:6	V:15,M:4	16	19	1	US	0.03245849824689685	bottom	no_change	convergent	0.10891089108910892	0.19313531353135316
SEC24C	273	0.313	0.75	0	1	1	1	1	0.041719342604298326	4	GS1+GS3+GS4+US	2	H11,H18	P/L	P:2	L:2	P:2	L:2	P:14,L:2	P:15,L:4	16	19	2	US	0.031289506953223745	bottom	no_change	convergent	0.38613861386138615	0.39353590531466937
NUDT17	13	0.331	0.75	0	1	1	1	1	0.03539823008849563	4	GS1+GS3+GS4+US	4	H13,H14,H15,H16	P/L	P:2	L:2	P:2	L:2	P:12,L:4	P:14,L:4	16	18	1	US	0.026548672566371723	bottom	no_change	convergent	0.2376237623762376	0.2633663366336634
SIGLEC1	1195	0.331	0.74971875	0	1	0.999625	1	1	0.03539823008849563	3	GS1+GS2+US	4	H10,H13,H15,H8	V/I	V:2	I:2	V:2	I:2	V:11,I:5	V:10,I:9	16	19	2	US	0.026538716814159334	bottom	no_change	convergent	0.39603960396039606	0.4020860101277304
ZNF518B	395	0.257	0.36085218189141555	7.253999956269297e-9	0.5	0.99575	0.978117	0.978117	0.07332490518331225	1	US	4	H15,H16,H17,H18	LV/I	L:1,V:1	I:2	L:1,V:1	I:2	I:10,L:4,V:2	I:15,V:3	16	18	1	GS3,GS4	0.02645945202237939	top	divergent	no_change	0.25742574257425743	0.2794908062234795
CARD14	153	0.267	0.3748125	0	0.5	0.9995	1	1	0.06953223767383054	3	GS2+GS4+US	2	H19,H20	E/KQ	E:2	K:1,Q:1	E:2	K:1,Q:1	E:15,K:1	E:15,K:2,Q:2	16	19	1		0.02606155183312261	bottom	no_change	divergent	0.19801980198019803	0.23204082522789726
SPN	153	0.331	0.7297695	0	1	0.974	1	1	0.03539823008849563	2	GS3+GS4	4	H13,H15,H4,H5	V/CF	V:2	C:2,F:1	V:3	C:2,F:1	V:13,C:1,I:1	V:11,C:6,F:1,L:1	15	19	1	US	0.02583254867256641	bottom	no_change	convergent	0.3069306930693069	0.32143135573399856
SEC24C	289	0.273	0.37457817187500003	0	0.5	0.9998750000000001	1	1	0.06194690265486724	2	GS1+US	3	H13,H15,H17	A/TV	A:2	T:1,V:1	A:2	T:1,V:1	A:14,T:1,V:1	A:13,T:5,V:1	16	19	1		0.023203957549778758	bottom	no_change	divergent	0.32673267326732675	0.3394956683168317
SHANK2	0	0.183	0.21784448555178437	0.01361083414599995	0.5	0.8739166666666667	0.819431	0.819431	0.11251580278128948	2	GS2+GS4	2	H17,H7,H9	MP/S	M:1,P:1	S:3	M:1,P:1	S:3	P:9,S:5,M:1,V:1	S:6,P:5,A:2,M:1,T:1	16	15	2		0.022957751312736398	top	divergent	no_change	0.2920792079207921	0.3095341406650626
ZNF518B	42	0.28	0.3725211514232813	0	0.5	0.999375	0.997002	0.997002	0.055625790139064435	1	US	8	H1,H10,H19,H20,H3,H7,H8,H9	FI/L	F:1,I:1	L:2	I:2,F:1	L:3	L:14,F:1,I:1	L:14,I:4	16	18	1	GS1,GS2	0.02072178339143409	top	divergent	no_change	0.33663366336633666	0.34842239087722005
ANK3	3189	0.31	0.375	0	0.5	1	1	1	0.049304677623261683	4	GS1+GS2+GS3+GS4	3	H13,H15,H17	E/AM	E:2	A:1,M:1	E:2	A:1,M:1	E:10,Q:2,D:1,K:1,L:1,X:1	A:7,E:7,K:3,G:1,M:1	16	19	1		0.01848925410872313	bottom	no_change	divergent	0.32673267326732675	0.3394956683168317
SIGLEC1	952	0.241	0.20810532075	0	1	0.5	0.7179139999999999	0.7179139999999999	0.08343868520859676	3	GS1+GS2+US	1	H4	V/I	V:2	I:2	V:2	I:2	V:12,I:4	V:15,I:4	16	19	1	US	0.017364034348293308	bottom	no_change	convergent	0.19801980198019803	0.23204082522789726
SPN	130	0.332	0.6647459062500001	0	1	0.956125	1	1	0.024020227560050622	1	GS2	6	H10,H13,H15,H19,H20,H8	MT/V	M:1,T:1	V:2	M:1,T:1	V:2	M:8,T:6,V:2	V:9,M:5,T:5	16	19	2	US	0.01596734793773708	bottom	no_change	convergent	0.2871287128712871	0.3055049504950495
DONSON	479	0.374	0.6204340126651481	1.0013333633004014e-6	1	0.8320277777777778	1	0.9962554975	0.013906447534766109	2	GS4+US	8	H13,H14,H15,H16,H4,H5,H7,H9	K/R	K:3	R:3	K:3	R:3	K:12,R:4	K:12,R:6	16	18	3	US	0.008628033045912293	bottom	no_change	convergent	0.46534653465346537	0.467102559312535
ANK3	1718	0.435	0.75	0	1	1	1	1	0.010366624525916524	5	GS1+GS2+GS3+GS4+US	5	H13,H19,H3,H4,H8	N/S	N:2	S:2	N:3	S:3	N:10,S:5,H:1	N:10,S:9	16	19	2	US	0.007774968394437393	bottom	no_change	convergent	0.41980198019801984	0.4245905959417235
SIGLEC1	1362	0.364	0.503102094495	5.939999999999e-4	1	0.715	1	1	0.015170670037926715	1	GS2	2	H14,H16	S/G	S:2	G:2	S:2	G:2	G:6,Y:5,S:4,N:1	G:9,S:9	16	18	1	US	0.007632395870973471	top	convergent	ambiguous	0.38613861386138615	0.39353590531466937
SIGLEC1	198	0.343	0.375	0	0.5	1	1	1	0.01896333754740831	2	GS1+US	6	H13,H14,H15,H16,H4,H5	V/AM	V:2	A:1,M:1	V:2	A:1,M:1	V:10,M:5,A:1	V:10,M:8,A:1	16	19	2		0.007111251580278116	bottom	no_change	divergent	0.38613861386138615	0.39353590531466937
SIGLEC1	618	0.497	0.7486875	0	1	0.99825	1	1	0.005056890012642201	2	GS2+US	4	H10,H13,H15,H8	R/H	R:2	H:2	R:2	H:2	R:13,H:3	H:10,R:9	16	19	2	US	0.003786030341340058	bottom	no_change	convergent	0.45544554455445546	0.4588958895889589
SPN	133	0.162	0.09262603125	5.92811999997056e-6	0.875	0.9982187499999999	0.25	0.25	0.13021491782553732	4	GS2+GS3+GS4+US	2	H12,H16,H2	GS/DIS	S:2,G:1	D:1,I:1,S:1	S:2,G:1	D:1,I:1	S:8,G:6,D:1,N:1	S:11,G:5,I:2,D:1	16	19	3		0.0015222988701011357	none	ambiguous	ambiguous	0.21534653465346534	0.24584625844558705
SIGLEC1	568	0.5	0.49378406236869304	1.03695000000005e-4	1	0.75875	0.9535	0.9535	0.0025284450063211006	3	GS1+GS2+US	2	H11,H2	I/V	I:2	V:2	I:3	V:3	V:10,I:6	I:14,V:5	16	19	1	US	0.0012485058466970688	bottom	no_change	convergent	0.5841584158415841	0.5841584158415841
AIPL1	340	0.09	0	0.0052005659999999	1	0.9983333333333333	0	0	0.40834386852085963	3	GS2+GS4+US	6	H15,H16,H17,H18,H5,H6	S/LP	S:1	L:1,P:1	S:1	L:1	P:11,S:3,A:1	P:16,S:2,L:1	15	19	2		0	none	ambiguous	ambiguous	0.1353135313531353	0.20598484429448538
ANK3	3800	0.051	0	0.196550793980352	1	0.6086666666666667	0	0	0.6409608091024019	2	GS1+GS2	3	H4,H5,H6	I/V	I:1	V:1	I:1	V:1	L:7,V:5,I:4	I:9,L:7,V:3	16	19	1		0	none	ambiguous	ambiguous	0.0594059405940594	0.18811881188118817
CSK	447	0.072	0	1.6102551330110515e-6	0.5	0.9992708333333333	0.730070199	0.24335673300000002	0.49304677623261695	2	GS2+US	9	H13,H14,H15,H16,H17,H18,H4,H5,H6	H/CR	H:1	C:1,R:1	H:1	C:1,R:1	R:10,H:5	H:12,R:6,C:1	15	19	2		0	none	ambiguous	ambiguous	0.0891089108910891	0.18811881188118817
GATA5	27	0.019	0	0.269940946275	1	0.6365	0	0	0.9570164348925411	2	GS2+GS4	6	H13,H14,H15,H16,H17,H18	A/S	A:1	S:1	A:1	S:1	A:6,T:5,S:1	T:12,A:2,S:1	12	15	1		0	none	ambiguous	ambiguous	0.04950495049504951	0.18811881188118817
MYLK4	39	0.045	0	0.973092	1	0.9644166666666667	0	0	0.6940581542351454	3	GS2+GS4+US	3	H17,H18,H6	G/E	G:1	E:1	G:1	E:1	G:11,S:5	G:17,E:1,S:1	16	19	2		0	none	ambiguous	ambiguous	0.0396039603960396	0.18811881188118817
MYLK4	59	0.058	0	0.700569	1	0.9984999999999999	0	0	0.6093552465233881	4	GS1+GS2+GS4+US	6	H1,H2,H3,H4,H5,H6	T/K	T:1	K:1	T:1	K:1	T:10,A:6	T:12,A:6,K:1	16	19	2		0	none	ambiguous	ambiguous	0.06930693069306931	0.18811881188118817
NUDT17	291	0.065	0	0	1	1	0	0	0.5259165613147914	5	GS1+GS2+GS3+GS4+US	4	H13,H14,H15,H16	R/C	R:1	C:1	R:1	C:1	C:6,R:6	C:14	12	14	1		0	none	ambiguous	ambiguous	0.04950495049504951	0.18811881188118817
PEAK1	1015	0.209	0	1	1	1	0	0	0.11630847029077118	4	GS1+GS3+GS4+US	14	H1,H10,H13,H14,H15,H16,H19,H20,H3,H4,H5,H7,H8,H9	P/L	P:1	L:1	P:2	L:1	L:12,P:4	L:17,P:2	16	19	2		0	none	ambiguous	ambiguous	0.2079207920792079	0.2383919426425401
PRIMPOL	255	0.037	0	0.0059639579999999	1	0.9680625	0	0	0.7560050568900126	1	US	6	H13,H14,H15,H16,H4,H5	E/D	E:1	D:1	E:1	D:1	D:9,E:5,G:2	D:17,G:2	16	19	2		0	none	ambiguous	ambiguous	0.06930693069306931	0.18811881188118817
RAD51B	71	0.059	0	0.992016	1	0.7908333333333333	0	0	0.5878634639696587	4	GS1+GS2+GS4+US	6	H13,H14,H15,H16,H4,H5	A/T	A:1	T:1	A:1	T:1	T:10,A:6	A:13,T:6	16	19	2		0	none	ambiguous	ambiguous	0.0891089108910891	0.18811881188118817
RDM1	173	0.02	0	0.871	0.5	0.7916666666666666	1	1	0.9380530973451328	3	GS1+GS4+US	3	H17,H18,H6	PT/LT	P:1,T:1	L:1,T:1	P:1,T:1	L:1,T:1	P:11	P:16,L:1,T:1	11	18	2		0	bottom	ambiguous	divergent	0.0297029702970297	0.18811881188118817
SHANK2	6	0.179	0	0.4177360000000001	1	0.853	0	0	0.15297092288242733	5	GS1+GS2+GS3+GS4+US	6	H11,H14,H16,H18,H7,H9	G/LY	G:1	L:1,Y:1	G:1	Y:1	Y:11,A:1,G:1,N:1,Q:1,R:1	Y:8,R:6,E:1,L:1,Q:1	16	17	2		0	none	ambiguous	ambiguous	0.1782178217821782	0.22574257425742572
SHANK2	631	0.092	0	0.0218829535999999	1	0.9361458333333333	0	0	0.4222503160556258	4	GS1+GS2+GS4+US	6	H13,H14,H15,H16,H4,H5	A/T	A:1	T:1	A:1	T:1	T:13,A:3	T:15,A:2	16	17	2		0	none	ambiguous	ambiguous	0.0891089108910891	0.18811881188118817
SHANK2	896	0.039	0	0.1258431074999999	1	0.7052708333333333	0	0	0.731984829329962	1	GS3	6	H13,H14,H15,H16,H4,H5	T/IV	T:1	I:1,V:1	T:1	I:1	A:9,V:4,I:2,T:1	A:11,V:5,I:1	16	17	2		0	none	ambiguous	ambiguous	0.06930693069306931	0.18811881188118817
SIGLEC1	203	0.048	0	0.018905	1	0.7076041666666666	0	0	0.6548672566371682	1	GS4	3	H17,H18,H6	I/T	I:1	T:1	I:1	T:1	A:10,T:5,I:1	A:17,T:2	16	19	2		0	none	ambiguous	ambiguous	0.0396039603960396	0.18811881188118817
SIGLEC1	1457	0.037	0	0.0649763063999999	1	0.6605	0	0	0.7560050568900126	1	GS3	6	H13,H14,H15,H16,H17,H18	A/V	A:1	V:1	A:1	V:1	T:9,A:3,V:3,S:1	V:10,T:6,A:3	16	19	1		0	none	ambiguous	ambiguous	0.07920792079207921	0.18811881188118817
SIGLEC1	1604	0.127	0	0	1	0.9997083333333334	0	0	0.2996207332490518	2	GS2+US	9	H13,H14,H15,H16,H17,H18,H4,H5,H6	H/R	H:1	R:1	H:1	R:1	H:7,R:7,Y:2	H:11,R:8	16	19	2		0	none	ambiguous	ambiguous	0.15841584158415842	0.2183347868465603
SPN	24	0.059	0	0.80824620528	1	0.9448749999999999	0	0	0.5878634639696587	1	US	6	H13,H14,H15,H16,H17,H18	T/MV	T:1	M:1,V:1	T:1	M:1	T:9,S:5,M:2	T:8,M:7,I:1,S:1,V:1	16	18	1		0	none	ambiguous	ambiguous	0.0594059405940594	0.18811881188118817
SPN	131	0.109	0	0.0040965352051749145	1	0.9682916666666667	0	0	0.35398230088495575	1	US	14	H1,H10,H13,H14,H15,H16,H19,H20,H3,H4,H5,H7,H8,H9	A/V	A:1	V:1	A:1	V:2	A:10,T:6	A:13,T:5,V:1	16	19	2		0	none	ambiguous	ambiguous	0.1782178217821782	0.22574257425742572
VCPIP1	1133	0.097	0	1	1	0.999625	0	0	0.3994943109987358	1	GS1	4	H14,H16,H7,H9	I/P	I:1	P:1	I:1	P:1	L:9,V:6,I:1	L:10,V:6,P:2	16	18	2		0	none	ambiguous	ambiguous	0.10891089108910892	0.19313531353135316
ZNF518B	713	0.034	0	0.09639314432	1	0.71375	0	0	0.8065739570164349	3	GS2+GS4+US	6	H13,H14,H15,H16,H17,H18	S/P	S:1	P:1	S:1	P:1	P:10,S:6	P:16,S:2	16	18	1		0	none	ambiguous	ambiguous	0.06930693069306931	0.18811881188118817
